{
    "0": {
        "loss": 2.3059696838878594,
        "cen_accuracy": 0.0718
    },
    "1": {
        "loss": 1.945125874239035,
        "cen_accuracy": 0.3467,
        "heterogeneity": 0.3654782539610367,
        "num_clients": 10,
        "accumulated_clients": 10
    },
    "2": {
        "loss": 1.5190596020640657,
        "cen_accuracy": 0.4235,
        "heterogeneity": 0.2616314136734652,
        "num_clients": 10,
        "accumulated_clients": 20
    },
    "3": {
        "loss": 1.1996305063128851,
        "cen_accuracy": 0.5887,
        "heterogeneity": 0.20704920827108875,
        "num_clients": 9,
        "accumulated_clients": 29
    },
    "4": {
        "loss": 1.0012138339277274,
        "cen_accuracy": 0.6421,
        "heterogeneity": 0.21964540463854765,
        "num_clients": 9,
        "accumulated_clients": 38
    },
    "5": {
        "loss": 1.0166647954108996,
        "cen_accuracy": 0.6088,
        "heterogeneity": 0.2133984109430701,
        "num_clients": 9,
        "accumulated_clients": 47
    },
    "6": {
        "loss": 0.7354116918751226,
        "cen_accuracy": 0.7365,
        "heterogeneity": 0.20521553615198707,
        "num_clients": 8,
        "accumulated_clients": 55
    },
    "7": {
        "loss": 0.792876824022482,
        "cen_accuracy": 0.6578,
        "heterogeneity": 0.20840961035607197,
        "num_clients": 8,
        "accumulated_clients": 63
    },
    "8": {
        "loss": 0.9081272317197757,
        "cen_accuracy": 0.6432,
        "heterogeneity": 0.24971120348416054,
        "num_clients": 8,
        "accumulated_clients": 71
    },
    "9": {
        "loss": 1.0029209511348616,
        "cen_accuracy": 0.5859,
        "heterogeneity": 0.20561434767112996,
        "num_clients": 8,
        "accumulated_clients": 79
    },
    "10": {
        "loss": 0.9493762319461225,
        "cen_accuracy": 0.5991,
        "heterogeneity": 0.2221362473350953,
        "num_clients": 9,
        "accumulated_clients": 88
    },
    "11": {
        "loss": 1.0577302306604843,
        "cen_accuracy": 0.5402,
        "heterogeneity": 0.24298038794273125,
        "num_clients": 9,
        "accumulated_clients": 97
    },
    "12": {
        "loss": 0.9750257664785599,
        "cen_accuracy": 0.609,
        "heterogeneity": 0.1826320491282033,
        "num_clients": 10,
        "accumulated_clients": 107
    },
    "13": {
        "loss": 0.6329942364662219,
        "cen_accuracy": 0.7431,
        "heterogeneity": 0.19049465466469162,
        "num_clients": 10,
        "accumulated_clients": 117
    },
    "14": {
        "loss": 0.7118112906670799,
        "cen_accuracy": 0.7415,
        "heterogeneity": 0.2140329353785384,
        "num_clients": 9,
        "accumulated_clients": 126
    },
    "15": {
        "loss": 0.8309742170400893,
        "cen_accuracy": 0.6515,
        "heterogeneity": 0.2461366548225078,
        "num_clients": 9,
        "accumulated_clients": 135
    },
    "16": {
        "loss": 0.6107265852129878,
        "cen_accuracy": 0.7545,
        "heterogeneity": 0.18763636586972954,
        "num_clients": 9,
        "accumulated_clients": 144
    },
    "17": {
        "loss": 0.7082003279806326,
        "cen_accuracy": 0.7035,
        "heterogeneity": 0.1968631604632084,
        "num_clients": 8,
        "accumulated_clients": 152
    },
    "18": {
        "loss": 0.6152524218772547,
        "cen_accuracy": 0.767,
        "heterogeneity": 0.1535032381347471,
        "num_clients": 8,
        "accumulated_clients": 160
    },
    "19": {
        "loss": 0.6533460514233135,
        "cen_accuracy": 0.7364,
        "heterogeneity": 0.1484307015545644,
        "num_clients": 8,
        "accumulated_clients": 168
    },
    "20": {
        "loss": 0.7578449074071817,
        "cen_accuracy": 0.6722,
        "heterogeneity": 0.19075350220777987,
        "num_clients": 7,
        "accumulated_clients": 175
    },
    "21": {
        "loss": 0.5943802810324648,
        "cen_accuracy": 0.7757,
        "heterogeneity": 0.13126684484549733,
        "num_clients": 7,
        "accumulated_clients": 182
    },
    "22": {
        "loss": 0.6788348545091221,
        "cen_accuracy": 0.7179,
        "heterogeneity": 0.20884284483133897,
        "num_clients": 7,
        "accumulated_clients": 189
    },
    "23": {
        "loss": 0.6148967859082328,
        "cen_accuracy": 0.7652,
        "heterogeneity": 0.16735660562991916,
        "num_clients": 7,
        "accumulated_clients": 196
    },
    "24": {
        "loss": 0.6542476102376518,
        "cen_accuracy": 0.75,
        "heterogeneity": 0.11093367683959954,
        "num_clients": 6,
        "accumulated_clients": 202
    },
    "25": {
        "loss": 0.6048690210135219,
        "cen_accuracy": 0.7709,
        "heterogeneity": 0.20551762633697368,
        "num_clients": 6,
        "accumulated_clients": 208
    },
    "26": {
        "loss": 0.8216107046832672,
        "cen_accuracy": 0.6434,
        "heterogeneity": 0.15563885930693622,
        "num_clients": 6,
        "accumulated_clients": 214
    },
    "27": {
        "loss": 0.6544872687076227,
        "cen_accuracy": 0.6993,
        "heterogeneity": 0.19671198188264138,
        "num_clients": 6,
        "accumulated_clients": 220
    },
    "28": {
        "loss": 0.7304428784420696,
        "cen_accuracy": 0.6967,
        "heterogeneity": 0.10496668311116886,
        "num_clients": 6,
        "accumulated_clients": 226
    },
    "29": {
        "loss": 0.5374164227574778,
        "cen_accuracy": 0.791,
        "heterogeneity": 0.16929854730371352,
        "num_clients": 7,
        "accumulated_clients": 233
    },
    "30": {
        "loss": 0.8082019609574693,
        "cen_accuracy": 0.6647,
        "heterogeneity": 0.20494535035504435,
        "num_clients": 7,
        "accumulated_clients": 240
    },
    "31": {
        "loss": 0.6663535136384324,
        "cen_accuracy": 0.7367,
        "heterogeneity": 0.13729265216548991,
        "num_clients": 8,
        "accumulated_clients": 248
    },
    "32": {
        "loss": 0.5398217033083066,
        "cen_accuracy": 0.7978,
        "heterogeneity": 0.12579056761137175,
        "num_clients": 8,
        "accumulated_clients": 256
    },
    "33": {
        "loss": 0.6948487635809012,
        "cen_accuracy": 0.6943,
        "heterogeneity": 0.19738123457881263,
        "num_clients": 7,
        "accumulated_clients": 263
    },
    "34": {
        "loss": 0.5455801767853502,
        "cen_accuracy": 0.7964,
        "heterogeneity": 0.13324620614833138,
        "num_clients": 7,
        "accumulated_clients": 270
    },
    "35": {
        "loss": 0.624231758018652,
        "cen_accuracy": 0.7639,
        "heterogeneity": 0.11380065990139665,
        "num_clients": 7,
        "accumulated_clients": 277
    },
    "36": {
        "loss": 0.5714065003128478,
        "cen_accuracy": 0.7605,
        "heterogeneity": 0.10740402120866621,
        "num_clients": 6,
        "accumulated_clients": 283
    },
    "37": {
        "loss": 0.5600570727365847,
        "cen_accuracy": 0.793,
        "heterogeneity": 0.13073970633623166,
        "num_clients": 6,
        "accumulated_clients": 289
    },
    "38": {
        "loss": 0.5692840127137523,
        "cen_accuracy": 0.7812,
        "heterogeneity": 0.13242579000128507,
        "num_clients": 6,
        "accumulated_clients": 295
    },
    "39": {
        "loss": 0.7020536109852714,
        "cen_accuracy": 0.7552,
        "heterogeneity": 0.16538536367152878,
        "num_clients": 6,
        "accumulated_clients": 301
    },
    "40": {
        "loss": 0.5790661290145149,
        "cen_accuracy": 0.7887,
        "heterogeneity": 0.11919419230842454,
        "num_clients": 7,
        "accumulated_clients": 308
    },
    "41": {
        "loss": 0.6597912026384768,
        "cen_accuracy": 0.7251,
        "heterogeneity": 0.22546106354376083,
        "num_clients": 7,