{
    "0": {
        "loss": 2.303573555839709,
        "cen_accuracy": 0.1
    },
    "1": {
        "loss": 2.3179424700264732,
        "cen_accuracy": 0.125,
        "heterogeneity": 0.3396643820240073,
        "num_clients": 5,
        "accumulated_clients": 5
    },
    "2": {
        "loss": 1.8150547822824301,
        "cen_accuracy": 0.2745,
        "heterogeneity": 0.28249358186424045,
        "num_clients": 5,
        "accumulated_clients": 10
    },
    "3": {
        "loss": 1.2608885951697255,
        "cen_accuracy": 0.5638,
        "heterogeneity": 0.25046699706174813,
        "num_clients": 4,
        "accumulated_clients": 14
    },
    "4": {
        "loss": 1.1823530090502656,
        "cen_accuracy": 0.5929,
        "heterogeneity": 0.2401441182250914,
        "num_clients": 4,
        "accumulated_clients": 18
    },
    "5": {
        "loss": 1.3136901571727788,
        "cen_accuracy": 0.5956,
        "heterogeneity": 0.10658467816472417,
        "num_clients": 4,
        "accumulated_clients": 22
    },
    "6": {
        "loss": 1.0499518848836613,
        "cen_accuracy": 0.6872,
        "heterogeneity": 0.16963882217721526,
        "num_clients": 3,
        "accumulated_clients": 25
    },
    "7": {
        "loss": 0.9463226254374836,
        "cen_accuracy": 0.6734,
        "heterogeneity": 0.14886155326535755,
        "num_clients": 3,
        "accumulated_clients": 28
    },
    "8": {
        "loss": 1.1762392027690387,
        "cen_accuracy": 0.5839,
        "heterogeneity": 0.3246458886552016,
        "num_clients": 3,
        "accumulated_clients": 31
    },
    "9": {
        "loss": 1.3200321738331462,
        "cen_accuracy": 0.4933,
        "heterogeneity": 0.15989529818610893,
        "num_clients": 3,
        "accumulated_clients": 34
    },
    "10": {
        "loss": 1.2077961314600496,
        "cen_accuracy": 0.5578,
        "heterogeneity": 0.1980214918898625,
        "num_clients": 4,
        "accumulated_clients": 38
    },
    "11": {
        "loss": 1.1736623208743695,
        "cen_accuracy": 0.5757,
        "heterogeneity": 0.23242792250242372,
        "num_clients": 4,
        "accumulated_clients": 42
    },
    "12": {
        "loss": 0.9153910666799393,
        "cen_accuracy": 0.7199,
        "heterogeneity": 0.14707741932612073,
        "num_clients": 3,
        "accumulated_clients": 45
    },
    "13": {
        "loss": 0.6771534205244752,
        "cen_accuracy": 0.7645,
        "heterogeneity": 0.33461391399803775,
        "num_clients": 3,
        "accumulated_clients": 48
    },
    "14": {
        "loss": 1.1126539055912639,
        "cen_accuracy": 0.5356,
        "heterogeneity": 0.17749477457650586,
        "num_clients": 3,
        "accumulated_clients": 51
    },
    "15": {
        "loss": 0.8432583385191786,
        "cen_accuracy": 0.6748,
        "heterogeneity": 0.1460770763682132,
        "num_clients": 4,
        "accumulated_clients": 55
    },
    "16": {
        "loss": 0.7262975627812334,
        "cen_accuracy": 0.7149,
        "heterogeneity": 0.18196606591751185,
        "num_clients": 4,
        "accumulated_clients": 59
    },
    "17": {
        "loss": 0.9372957268842874,
        "cen_accuracy": 0.5979,
        "heterogeneity": 0.11270890104745357,
        "num_clients": 3,
        "accumulated_clients": 62
    },
    "18": {
        "loss": 0.9167509484595765,
        "cen_accuracy": 0.6786,
        "heterogeneity": 0.2012380580256895,
        "num_clients": 3,
        "accumulated_clients": 65
    },
    "19": {
        "loss": 0.8911875767258409,
        "cen_accuracy": 0.6697,
        "heterogeneity": 0.13360346353046237,
        "num_clients": 3,
        "accumulated_clients": 68
    },
    "20": {
        "loss": 0.7655009109372148,
        "cen_accuracy": 0.7298,
        "heterogeneity": 0.1519190422327319,
        "num_clients": 2,
        "accumulated_clients": 70
    },
    "21": {
        "loss": 1.154626483258348,
        "cen_accuracy": 0.6267,
        "heterogeneity": 0.05766800752124435,
        "num_clients": 2,
        "accumulated_clients": 72
    },
    "22": {
        "loss": 0.7460189022766516,
        "cen_accuracy": 0.6851,
        "heterogeneity": 0.24402082214398824,
        "num_clients": 2,
        "accumulated_clients": 74
    },
    "23": {
        "loss": 0.6879626812454992,
        "cen_accuracy": 0.7591,
        "heterogeneity": 0.07804005307876338,
        "num_clients": 2,
        "accumulated_clients": 76
    },
    "24": {
        "loss": 0.8546229800858056,
        "cen_accuracy": 0.6895,
        "heterogeneity": 0.18998114098064167,
        "num_clients": 2,
        "accumulated_clients": 78
    },
    "25": {
        "loss": 0.8602421792170492,
        "cen_accuracy": 0.7018,
        "heterogeneity": 0.05652177215715315,
        "num_clients": 2,
        "accumulated_clients": 80
    },
    "26": {
        "loss": 1.242124394106027,
        "cen_accuracy": 0.5839,
        "heterogeneity": 0.1575423689388471,
        "num_clients": 2,
        "accumulated_clients": 82
    },
    "27": {
        "loss": 0.7373720834049554,
        "cen_accuracy": 0.7429,
        "heterogeneity": 0.11328327228676227,
        "num_clients": 2,
        "accumulated_clients": 84
    },
    "28": {
        "loss": 0.9042953987852834,
        "cen_accuracy": 0.7045,
        "heterogeneity": 0.16237013483613694,
        "num_clients": 2,
        "accumulated_clients": 86
    },
    "29": {
        "loss": 0.6598696693444785,
        "cen_accuracy": 0.7263,
        "heterogeneity": 0.22947508005706607,
        "num_clients": 2,
        "accumulated_clients": 88
    },
    "30": {
        "loss": 0.8737030781496066,
        "cen_accuracy": 0.6168,
        "heterogeneity": 0.1538276370308861,
        "num_clients": 2,
        "accumulated_clients": 90
    },
    "31": {
        "loss": 0.9389573319461018,
        "cen_accuracy": 0.5945,
        "heterogeneity": 0.11170554650344455,
        "num_clients": 2,
        "accumulated_clients": 92
    },
    "32": {
        "loss": 0.8936226549811257,
        "cen_accuracy": 0.7013,
        "heterogeneity": 0.1803947899703774,
        "num_clients": 2,
        "accumulated_clients": 94
    },
    "33": {
        "loss": 0.7503205902469806,
        "cen_accuracy": 0.7061,
        "heterogeneity": 0.17971688358064186,
        "num_clients": 2,
        "accumulated_clients": 96
    },
    "34": {
        "loss": 0.7009424042587463,
        "cen_accuracy": 0.7652,
        "heterogeneity": 0.06423451190119345,
        "num_clients": 2,
        "accumulated_clients": 98
    },
    "35": {
        "loss": 0.8450481128007078,
        "cen_accuracy": 0.6869,
        "heterogeneity": 0.08224715460438548,
        "num_clients": 2,
        "accumulated_clients": 100
    },
    "36": {
        "loss": 1.096893322448761,
        "cen_accuracy": 0.6797,
        "heterogeneity": 0.23921379883561245,
        "num_clients": 2,
        "accumulated_clients": 102
    },
    "37": {
        "loss": 1.0105701939176066,
        "cen_accuracy": 0.7329,
        "heterogeneity": 0.11285321747273869,
        "num_clients": 2,
        "accumulated_clients": 104
    },
    "38": {
        "loss": 0.8278723253419225,
        "cen_accuracy": 0.7657,
        "heterogeneity": 0.12853210114822777,
        "num_clients": 2,
        "accumulated_clients": 106
    },
    "39": {
        "loss": 1.070336682251848,
        "cen_accuracy": 0.6792,
        "heterogeneity": 0.09498750322886151,
        "num_clients": 2,
        "accumulated_clients": 108
    },
    "40": {
        "loss": 0.748913185760236,
        "cen_accuracy": 0.7057,
        "heterogeneity": 0.10954612485148008,
        "num_clients": 2,
        "accumulated_clients": 110
    },
    "41": {
        "loss": 0.7766221602694295,
        "cen_accuracy": 0.7352,
        "heterogeneity": 0.12290658126372489,
        "num_clients": 2,
        "accumulated_clients": 112
    },