{
    "0": {
        "loss": 2.3040815824136947,
        "cen_accuracy": 0.1012
    },
    "1": {
        "loss": 1.6841507742580133,
        "cen_accuracy": 0.4665,
        "num_clients": 6,
        "accumulated_clients": 6
    },
    "2": {
        "loss": 1.0400074021503949,
        "cen_accuracy": 0.623,
        "num_clients": 6,
        "accumulated_clients": 12
    },
    "3": {
        "loss": 0.7394490437195324,
        "cen_accuracy": 0.7386,
        "num_clients": 5,
        "accumulated_clients": 17
    },
    "4": {
        "loss": 0.6807847013488745,
        "cen_accuracy": 0.7431,
        "num_clients": 5,
        "accumulated_clients": 22
    },
    "5": {
        "loss": 0.6280132934879571,
        "cen_accuracy": 0.7618,
        "num_clients": 5,
        "accumulated_clients": 27
    },
    "6": {
        "loss": 0.6075681198519259,
        "cen_accuracy": 0.7687,
        "num_clients": 4,
        "accumulated_clients": 31
    },
    "7": {
        "loss": 0.6098727635777416,
        "cen_accuracy": 0.7684,
        "num_clients": 4,
        "accumulated_clients": 35
    },
    "8": {
        "loss": 0.5709496423744926,
        "cen_accuracy": 0.783,
        "num_clients": 4,
        "accumulated_clients": 39
    },
    "9": {
        "loss": 0.5679917093663932,
        "cen_accuracy": 0.7858,
        "num_clients": 4,
        "accumulated_clients": 43
    },
    "10": {
        "loss": 0.5606074960182269,
        "cen_accuracy": 0.7856,
        "num_clients": 3,
        "accumulated_clients": 46
    },
    "11": {
        "loss": 0.5648211984398266,
        "cen_accuracy": 0.7867,
        "num_clients": 3,
        "accumulated_clients": 49
    },
    "12": {
        "loss": 0.5684168638703161,
        "cen_accuracy": 0.7961,
        "num_clients": 3,
        "accumulated_clients": 52
    },
    "13": {
        "loss": 0.5535676636444494,
        "cen_accuracy": 0.8016,
        "num_clients": 3,
        "accumulated_clients": 55
    },
    "14": {
        "loss": 0.5677354614765119,
        "cen_accuracy": 0.7944,
        "num_clients": 2,
        "accumulated_clients": 57
    },
    "15": {
        "loss": 0.576068898740287,
        "cen_accuracy": 0.7928,
        "num_clients": 2,
        "accumulated_clients": 59
    },
    "16": {
        "loss": 0.5743917283920434,
        "cen_accuracy": 0.7911,
        "num_clients": 2,
        "accumulated_clients": 61
    },
    "17": {
        "loss": 0.5462131740662236,
        "cen_accuracy": 0.7966,
        "num_clients": 2,
        "accumulated_clients": 63
    },
    "18": {
        "loss": 0.5343511122674607,
        "cen_accuracy": 0.8068,
        "num_clients": 2,
        "accumulated_clients": 65
    },
    "19": {
        "loss": 0.5488372398927189,
        "cen_accuracy": 0.8057,
        "num_clients": 2,
        "accumulated_clients": 67
    },
    "20": {
        "loss": 0.5647971890985776,
        "cen_accuracy": 0.7982,
        "num_clients": 2,
        "accumulated_clients": 69
    },
    "21": {
        "loss": 0.5213170867091932,
        "cen_accuracy": 0.8147,
        "num_clients": 2,
        "accumulated_clients": 71
    },
    "22": {
        "loss": 0.5172391690956518,
        "cen_accuracy": 0.8166,
        "num_clients": 2,
        "accumulated_clients": 73
    },
    "23": {
        "loss": 0.5567722076329941,
        "cen_accuracy": 0.8031,
        "num_clients": 2,
        "accumulated_clients": 75
    },
    "24": {
        "loss": 0.5536722400651192,
        "cen_accuracy": 0.8133,
        "num_clients": 2,
        "accumulated_clients": 77
    },
    "25": {
        "loss": 0.5171264846580097,
        "cen_accuracy": 0.815,
        "num_clients": 2,
        "accumulated_clients": 79
    },
    "26": {
        "loss": 0.5249416431822715,
        "cen_accuracy": 0.8116,
        "num_clients": 2,
        "accumulated_clients": 81
    },
    "27": {
        "loss": 0.511229890580185,
        "cen_accuracy": 0.8206,
        "num_clients": 2,
        "accumulated_clients": 83
    },
    "28": {
        "loss": 0.4952292308782617,
        "cen_accuracy": 0.8256,
        "num_clients": 2,
        "accumulated_clients": 85
    },
    "29": {
        "loss": 0.5747390786965434,
        "cen_accuracy": 0.8165,
        "num_clients": 2,
        "accumulated_clients": 87
    },
    "30": {
        "loss": 0.50785227519826,
        "cen_accuracy": 0.8304,
        "num_clients": 2,
        "accumulated_clients": 89
    },
    "31": {
        "loss": 0.5290281998749358,
        "cen_accuracy": 0.8211,
        "num_clients": 2,
        "accumulated_clients": 91
    },
    "32": {
        "loss": 0.5534719852879405,
        "cen_accuracy": 0.8273,
        "num_clients": 2,
        "accumulated_clients": 93
    },
    "33": {
        "loss": 0.5412258349668485,
        "cen_accuracy": 0.8204,
        "num_clients": 2,
        "accumulated_clients": 95
    },
    "34": {
        "loss": 0.49710966120607936,
        "cen_accuracy": 0.8318,
        "num_clients": 3,
        "accumulated_clients": 98
    },
    "35": {
        "loss": 0.5519639897270324,
        "cen_accuracy": 0.8233,
        "num_clients": 3,
        "accumulated_clients": 101
    },
    "36": {
        "loss": 0.5141034792549313,
        "cen_accuracy": 0.8312,
        "num_clients": 3,
        "accumulated_clients": 104
    },
    "37": {
        "loss": 0.486494656664114,
        "cen_accuracy": 0.84,
        "num_clients": 3,
        "accumulated_clients": 107
    },
    "38": {
        "loss": 0.4957404287097553,
        "cen_accuracy": 0.8361,
        "num_clients": 2,
        "accumulated_clients": 109
    },
    "39": {
        "loss": 0.5881239464774299,
        "cen_accuracy": 0.8231,
        "num_clients": 2,
        "accumulated_clients": 111
    },
    "40": {
        "loss": 0.48950811970633823,
        "cen_accuracy": 0.8348,
        "num_clients": 2,
        "accumulated_clients": 113
    },
    "41": {
        "loss": 0.49090236665817877,
        "cen_accuracy": 0.839,
        "num_clients": 2,
        "accumulated_clients": 115
    },
    "42": {
        "loss": 0.4995958189994763,
        "cen_accuracy": 0.8303,
        "num_clients": 2,
        "accumulated_clients": 117
    },
    "43": {
        "loss": 0.5042470930673825,
        "cen_accuracy": 0.8366,
        "num_clients": 2,
        "accumulated_clients": 119
    },
    "44": {
        "loss": 0.49632734688707053,
        "cen_accuracy": 0.8312,
        "num_clients": 2,
        "accumulated_clients": 121
    },
    "45": {
        "loss": 0.523084173520533,
        "cen_accuracy": 0.8299,
        "num_clients": 2,
        "accumulated_clients": 123
    },
    "46": {
        "loss": 0.47814188740504815,
        "cen_accuracy": 0.8414,
        "num_clients": 3,
        "accumulated_clients": 126
    },
    "47": {
        "loss": 0.4687254812580328,
        "cen_accuracy": 0.8382,
        "num_clients": 3,
        "accumulated_clients": 129
    },
    "48": {
        "loss": 0.498171870010539,
        "cen_accuracy": 0.8339,
        "num_clients": 3,
        "accumulated_clients": 132
    },
    "49": {
        "loss": 0.47089156049032943,
        "cen_accuracy": 0.8468,
        "num_clients": 3,
        "accumulated_clients": 135
    },
    "50": {
        "loss": 0.4906298500804094,
        "cen_accuracy": 0.839,
        "num_clients": 2,
        "accumulated_clients": 137
    },
    "51": {
        "loss": 0.49067194650348384,
        "cen_accuracy": 0.8385,
        "num_clients": 2,
        "accumulated_clients": 139
    },
    "52": {
        "loss": 0.5311132385707892,
        "cen_accuracy": 0.8309,
        "num_clients": 2,
        "accumulated_clients": 141
    },
    "53": {
        "loss": 0.49350511158902804,
        "cen_accuracy": 0.8393,
        "num_clients": 2,
        "accumulated_clients": 143
    },
    "54": {
        "loss": 0.5033720124739046,
        "cen_accuracy": 0.8365,
        "num_clients": 3,