{
    "0": {
        "loss": 2.3059696838878594,
        "cen_accuracy": 0.0718
    },
    "1": {
        "loss": 1.5760985677615522,
        "cen_accuracy": 0.5241,
        "heterogeneity": 0.2909088146569764,
        "num_clients": 10,
        "accumulated_clients": 10
    },
    "2": {
        "loss": 0.9111073645539939,
        "cen_accuracy": 0.6936,
        "heterogeneity": 0.1858261432348205,
        "num_clients": 10,
        "accumulated_clients": 20
    },
    "3": {
        "loss": 0.6958890907680646,
        "cen_accuracy": 0.7473,
        "heterogeneity": 0.06123222033283959,
        "num_clients": 9,
        "accumulated_clients": 29
    },
    "4": {
        "loss": 0.6325345991518551,
        "cen_accuracy": 0.7581,
        "heterogeneity": 0.0620196482535218,
        "num_clients": 9,
        "accumulated_clients": 38
    },
    "5": {
        "loss": 0.5925333533709803,
        "cen_accuracy": 0.7724,
        "heterogeneity": 0.06487316081336836,
        "num_clients": 9,
        "accumulated_clients": 47
    },
    "6": {
        "loss": 0.5723148697671799,
        "cen_accuracy": 0.7815,
        "heterogeneity": 0.05752969428395893,
        "num_clients": 8,
        "accumulated_clients": 55
    },
    "7": {
        "loss": 0.5521920280525098,
        "cen_accuracy": 0.788,
        "heterogeneity": 0.059876022717290645,
        "num_clients": 8,
        "accumulated_clients": 63
    },
    "8": {
        "loss": 0.5671821077601217,
        "cen_accuracy": 0.786,
        "heterogeneity": 0.058001270719835185,
        "num_clients": 8,
        "accumulated_clients": 71
    },
    "9": {
        "loss": 0.5389232755469057,
        "cen_accuracy": 0.7946,
        "heterogeneity": 0.05903869732928879,
        "num_clients": 8,
        "accumulated_clients": 79
    },
    "10": {
        "loss": 0.5217827140523222,
        "cen_accuracy": 0.8025,
        "heterogeneity": 0.059129370971033435,
        "num_clients": 7,
        "accumulated_clients": 86
    },
    "11": {
        "loss": 0.5142364210118882,
        "cen_accuracy": 0.8071,
        "heterogeneity": 0.057700288454119675,
        "num_clients": 7,
        "accumulated_clients": 93
    },
    "12": {
        "loss": 0.5173011674001194,
        "cen_accuracy": 0.8061,
        "heterogeneity": 0.056332358902730695,
        "num_clients": 7,
        "accumulated_clients": 100
    },
    "13": {
        "loss": 0.51556830122448,
        "cen_accuracy": 0.8128,
        "heterogeneity": 0.05517835214291167,
        "num_clients": 7,
        "accumulated_clients": 107
    },
    "14": {
        "loss": 0.5326083498640944,
        "cen_accuracy": 0.8141,
        "heterogeneity": 0.05523624741489708,
        "num_clients": 6,
        "accumulated_clients": 113
    },
    "15": {
        "loss": 0.49534825418894285,
        "cen_accuracy": 0.8204,
        "heterogeneity": 0.04903290710192032,
        "num_clients": 6,
        "accumulated_clients": 119
    },
    "16": {
        "loss": 0.5037783750425131,
        "cen_accuracy": 0.824,
        "heterogeneity": 0.04718533377669554,
        "num_clients": 6,
        "accumulated_clients": 125
    },
    "17": {
        "loss": 0.5004311533638844,
        "cen_accuracy": 0.8256,
        "heterogeneity": 0.052387494503071674,
        "num_clients": 6,
        "accumulated_clients": 131
    },
    "18": {
        "loss": 0.48414872510555074,
        "cen_accuracy": 0.8268,
        "heterogeneity": 0.05031907137541991,
        "num_clients": 5,
        "accumulated_clients": 136
    },
    "19": {
        "loss": 0.48616364583991967,
        "cen_accuracy": 0.8283,
        "heterogeneity": 0.04934138548909228,
        "num_clients": 5,
        "accumulated_clients": 141
    },
    "20": {
        "loss": 0.5110401057968506,
        "cen_accuracy": 0.8273,
        "heterogeneity": 0.043428030283248376,
        "num_clients": 5,
        "accumulated_clients": 146
    },
    "21": {
        "loss": 0.4816568826143734,
        "cen_accuracy": 0.8302,
        "heterogeneity": 0.0458901757650223,
        "num_clients": 5,
        "accumulated_clients": 151
    },
    "22": {
        "loss": 0.4829923127786801,
        "cen_accuracy": 0.8321,
        "heterogeneity": 0.0459379775366644,
        "num_clients": 4,
        "accumulated_clients": 155
    },
    "23": {
        "loss": 0.4779037757160755,
        "cen_accuracy": 0.8377,
        "heterogeneity": 0.04456051406710382,
        "num_clients": 4,
        "accumulated_clients": 159
    },
    "24": {
        "loss": 0.4793886123849942,
        "cen_accuracy": 0.8343,
        "heterogeneity": 0.04740143762971949,
        "num_clients": 4,
        "accumulated_clients": 163
    },
    "25": {
        "loss": 0.4712192708263382,
        "cen_accuracy": 0.8372,
        "heterogeneity": 0.041927500977594234,
        "num_clients": 4,
        "accumulated_clients": 167
    },
    "26": {
        "loss": 0.5183776607409644,
        "cen_accuracy": 0.827,
        "heterogeneity": 0.046619458820519655,
        "num_clients": 3,
        "accumulated_clients": 170
    },
    "27": {
        "loss": 0.516517707738823,
        "cen_accuracy": 0.825,
        "heterogeneity": 0.04170887515417532,
        "num_clients": 3,
        "accumulated_clients": 173
    },
    "28": {
        "loss": 0.4745071419416525,
        "cen_accuracy": 0.8242,
        "heterogeneity": 0.03876673311569301,
        "num_clients": 3,
        "accumulated_clients": 176
    },
    "29": {
        "loss": 0.5273736391585475,
        "cen_accuracy": 0.829,
        "heterogeneity": 0.03760690086793661,
        "num_clients": 3,
        "accumulated_clients": 179
    },
    "30": {
        "loss": 0.48995805543642074,
        "cen_accuracy": 0.8301,
        "heterogeneity": 0.04458400752698377,
        "num_clients": 2,
        "accumulated_clients": 181
    },
    "31": {
        "loss": 0.5076080457018778,
        "cen_accuracy": 0.8225,
        "heterogeneity": 0.029705728301121614,
        "num_clients": 2,
        "accumulated_clients": 183
    },
    "32": {
        "loss": 0.5341438172629085,
        "cen_accuracy": 0.8187,
        "heterogeneity": 0.03457978356657265,
        "num_clients": 2,
        "accumulated_clients": 185
    },
    "33": {
        "loss": 0.4832629842546801,
        "cen_accuracy": 0.8358,
        "heterogeneity": 0.041382213056041395,
        "num_clients": 2,
        "accumulated_clients": 187
    },
    "34": {
        "loss": 0.504825307871587,
        "cen_accuracy": 0.8276,
        "heterogeneity": 0.03184863557930262,
        "num_clients": 2,
        "accumulated_clients": 189
    },
    "35": {
        "loss": 0.489934490987668,
        "cen_accuracy": 0.8331,
        "heterogeneity": 0.04281364294898937,
        "num_clients": 2,
        "accumulated_clients": 191
    },
    "36": {
        "loss": 0.5186745282560111,
        "cen_accuracy": 0.8199,
        "heterogeneity": 0.035624239263275626,
        "num_clients": 2,
        "accumulated_clients": 193
    },
    "37": {
        "loss": 0.5072021977351115,
        "cen_accuracy": 0.833,
        "heterogeneity": 0.030627168563429175,
        "num_clients": 2,
        "accumulated_clients": 195
    },
    "38": {
        "loss": 0.5019799576352199,
        "cen_accuracy": 0.8363,
        "heterogeneity": 0.028746509663272857,
        "num_clients": 2,
        "accumulated_clients": 197
    },
    "39": {
        "loss": 0.5078000041385429,
        "cen_accuracy": 0.8341,
        "heterogeneity": 0.03400861861701743,
        "num_clients": 2,
        "accumulated_clients": 199
    },
    "40": {
        "loss": 0.5241323570949963,
        "cen_accuracy": 0.8395,
        "heterogeneity": 0.03608349919256393,
        "num_clients": 2,
        "accumulated_clients": 201
    },
    "41": {
        "loss": 0.5293348779836402,
        "cen_accuracy": 0.8305,
        "heterogeneity": 0.028269715870688605,
        "num_clients": 2,