{
    "0": {
        "loss": 2.3040815824136947,
        "cen_accuracy": 0.1012
    },
    "1": {
        "loss": 2.0440805678169567,
        "cen_accuracy": 0.3484,
        "num_clients": 6,
        "accumulated_clients": 6
    },
    "2": {
        "loss": 1.5039432608662322,
        "cen_accuracy": 0.5241,
        "num_clients": 6,
        "accumulated_clients": 12
    },
    "3": {
        "loss": 1.3655549344925073,
        "cen_accuracy": 0.5391,
        "num_clients": 5,
        "accumulated_clients": 17
    },
    "4": {
        "loss": 1.1297569383447543,
        "cen_accuracy": 0.5916,
        "num_clients": 5,
        "accumulated_clients": 22
    },
    "5": {
        "loss": 1.2208450202362986,
        "cen_accuracy": 0.6196,
        "num_clients": 5,
        "accumulated_clients": 27
    },
    "6": {
        "loss": 1.2138469211590557,
        "cen_accuracy": 0.6402,
        "num_clients": 4,
        "accumulated_clients": 31
    },
    "7": {
        "loss": 1.183335924681764,
        "cen_accuracy": 0.5315,
        "num_clients": 4,
        "accumulated_clients": 35
    },
    "8": {
        "loss": 0.9053556433500954,
        "cen_accuracy": 0.6436,
        "num_clients": 4,
        "accumulated_clients": 39
    },
    "9": {
        "loss": 1.110029583350538,
        "cen_accuracy": 0.5553,
        "num_clients": 4,
        "accumulated_clients": 43
    },
    "10": {
        "loss": 1.3404424354291191,
        "cen_accuracy": 0.5265,
        "num_clients": 5,
        "accumulated_clients": 48
    },
    "11": {
        "loss": 0.8590014336969906,
        "cen_accuracy": 0.642,
        "num_clients": 5,
        "accumulated_clients": 53
    },
    "12": {
        "loss": 0.9370037875236413,
        "cen_accuracy": 0.6416,
        "num_clients": 4,
        "accumulated_clients": 57
    },
    "13": {
        "loss": 0.9700832320287966,
        "cen_accuracy": 0.6355,
        "num_clients": 4,
        "accumulated_clients": 61
    },
    "14": {
        "loss": 1.450014346323836,
        "cen_accuracy": 0.5642,
        "num_clients": 4,
        "accumulated_clients": 65
    },
    "15": {
        "loss": 0.9615413735088069,
        "cen_accuracy": 0.5924,
        "num_clients": 7,
        "accumulated_clients": 72
    },
    "16": {
        "loss": 0.786399088538112,
        "cen_accuracy": 0.7122,
        "num_clients": 7,
        "accumulated_clients": 79
    },
    "17": {
        "loss": 0.9000818611333926,
        "cen_accuracy": 0.7052,
        "num_clients": 6,
        "accumulated_clients": 85
    },
    "18": {
        "loss": 0.6795200125668377,
        "cen_accuracy": 0.7378,
        "num_clients": 6,
        "accumulated_clients": 91
    },
    "19": {
        "loss": 0.7461916894767993,
        "cen_accuracy": 0.7187,
        "num_clients": 6,
        "accumulated_clients": 97
    },
    "20": {
        "loss": 0.7376567144363452,
        "cen_accuracy": 0.714,
        "num_clients": 5,
        "accumulated_clients": 102
    },
    "21": {
        "loss": 0.7101968737265554,
        "cen_accuracy": 0.7187,
        "num_clients": 5,
        "accumulated_clients": 107
    },
    "22": {
        "loss": 0.6967584041360849,
        "cen_accuracy": 0.7382,
        "num_clients": 5,
        "accumulated_clients": 112
    },
    "23": {
        "loss": 0.7445523073307623,
        "cen_accuracy": 0.7014,
        "num_clients": 4,
        "accumulated_clients": 116
    },
    "24": {
        "loss": 1.012479717739093,
        "cen_accuracy": 0.6339,
        "num_clients": 4,
        "accumulated_clients": 120
    },
    "25": {
        "loss": 0.627189994429628,
        "cen_accuracy": 0.7598,
        "num_clients": 4,
        "accumulated_clients": 124
    },
    "26": {
        "loss": 0.6471538325658621,
        "cen_accuracy": 0.7077,
        "num_clients": 4,
        "accumulated_clients": 128
    },
    "27": {
        "loss": 0.6077358077128474,
        "cen_accuracy": 0.7676,
        "num_clients": 3,
        "accumulated_clients": 131
    },
    "28": {
        "loss": 0.6282123510068217,
        "cen_accuracy": 0.7473,
        "num_clients": 3,
        "accumulated_clients": 134
    },
    "29": {
        "loss": 0.606479583171229,
        "cen_accuracy": 0.7635,
        "num_clients": 3,
        "accumulated_clients": 137
    },
    "30": {
        "loss": 0.7928538132018556,
        "cen_accuracy": 0.6051,
        "num_clients": 3,
        "accumulated_clients": 140
    },
    "31": {
        "loss": 0.7059643496149264,
        "cen_accuracy": 0.7538,
        "num_clients": 3,
        "accumulated_clients": 143
    },
    "32": {
        "loss": 0.78835057907592,
        "cen_accuracy": 0.6235,
        "num_clients": 5,
        "accumulated_clients": 148
    },
    "33": {
        "loss": 0.6196236008653244,
        "cen_accuracy": 0.7418,
        "num_clients": 5,
        "accumulated_clients": 153
    },
    "34": {
        "loss": 0.8124746521250509,
        "cen_accuracy": 0.7013,
        "num_clients": 4,
        "accumulated_clients": 157
    },
    "35": {
        "loss": 0.7193316690647564,
        "cen_accuracy": 0.7252,
        "num_clients": 4,
        "accumulated_clients": 161
    },
    "36": {
        "loss": 0.9750253551493818,
        "cen_accuracy": 0.6085,
        "num_clients": 4,
        "accumulated_clients": 165
    },
    "37": {
        "loss": 0.6070284841064447,
        "cen_accuracy": 0.7656,
        "num_clients": 7,
        "accumulated_clients": 172
    },
    "38": {
        "loss": 0.6072486323860887,
        "cen_accuracy": 0.7557,
        "num_clients": 7,
        "accumulated_clients": 179
    },
    "39": {
        "loss": 0.5889663750561662,
        "cen_accuracy": 0.7572,
        "num_clients": 8,
        "accumulated_clients": 187
    },
    "40": {
        "loss": 0.6383314245996384,
        "cen_accuracy": 0.7025,
        "num_clients": 8,
        "accumulated_clients": 195
    },
    "41": {
        "loss": 0.5536002944262264,
        "cen_accuracy": 0.7742,
        "num_clients": 12,
        "accumulated_clients": 207
    },
    "42": {
        "loss": 0.5405840856579546,
        "cen_accuracy": 0.786,
        "num_clients": 12,
        "accumulated_clients": 219
    },
    "43": {
        "loss": 0.552141365008994,
        "cen_accuracy": 0.795,
        "num_clients": 11,
        "accumulated_clients": 230
    },
    "44": {
        "loss": 0.566599509110466,
        "cen_accuracy": 0.7377,
        "num_clients": 11,
        "accumulated_clients": 241
    },
    "45": {
        "loss": 0.501436281508912,
        "cen_accuracy": 0.8117,
        "num_clients": 11,
        "accumulated_clients": 252
    },
    "46": {
        "loss": 0.5261538246759592,
        "cen_accuracy": 0.7845,
        "num_clients": 10,
        "accumulated_clients": 262
    },
    "47": {
        "loss": 0.5132500238883229,
        "cen_accuracy": 0.8065,
        "num_clients": 10,
        "accumulated_clients": 272
    },
    "48": {
        "loss": 0.5354515037502343,
        "cen_accuracy": 0.7788,
        "num_clients": 10,
        "accumulated_clients": 282
    },
    "49": {
        "loss": 0.5156520967380688,
        "cen_accuracy": 0.7972,
        "num_clients": 11,
        "accumulated_clients": 293
    },
    "50": {
        "loss": 0.5378601357293206,
        "cen_accuracy": 0.7965,
        "num_clients": 11,
        "accumulated_clients": 304
    },
    "51": {
        "loss": 0.4961327811399588,
        "cen_accuracy": 0.8197,
        "num_clients": 11,
        "accumulated_clients": 315
    },
    "52": {
        "loss": 0.4787406758806957,
        "cen_accuracy": 0.8245,
        "num_clients": 10,
        "accumulated_clients": 325
    },
    "53": {
        "loss": 0.5145617611587238,
        "cen_accuracy": 0.799,
        "num_clients": 10,
        "accumulated_clients": 335
    },
    "54": {
        "loss": 0.5485906951343671,
        "cen_accuracy": 0.7589,