{
    "0": {
        "loss": 2.303573555839709,
        "cen_accuracy": 0.1
    },
    "1": {
        "loss": 1.7521128460241202,
        "cen_accuracy": 0.4462,
        "heterogeneity": 0.26030346343822974,
        "num_clients": 5,
        "accumulated_clients": 5
    },
    "2": {
        "loss": 0.9851809640090686,
        "cen_accuracy": 0.6038,
        "heterogeneity": 0.19151288338704808,
        "num_clients": 5,
        "accumulated_clients": 10
    },
    "3": {
        "loss": 0.7867698025779603,
        "cen_accuracy": 0.7193,
        "heterogeneity": 0.06322555182464162,
        "num_clients": 4,
        "accumulated_clients": 14
    },
    "4": {
        "loss": 0.6924718138508903,
        "cen_accuracy": 0.7381,
        "heterogeneity": 0.05294312333219808,
        "num_clients": 4,
        "accumulated_clients": 18
    },
    "5": {
        "loss": 0.6444900179632936,
        "cen_accuracy": 0.7549,
        "heterogeneity": 0.05516159464559145,
        "num_clients": 4,
        "accumulated_clients": 22
    },
    "6": {
        "loss": 0.6245294423720327,
        "cen_accuracy": 0.7686,
        "heterogeneity": 0.056905310943492604,
        "num_clients": 3,
        "accumulated_clients": 25
    },
    "7": {
        "loss": 0.6079660697866933,
        "cen_accuracy": 0.7703,
        "heterogeneity": 0.05036916444240991,
        "num_clients": 3,
        "accumulated_clients": 28
    },
    "8": {
        "loss": 0.5965771932666675,
        "cen_accuracy": 0.7722,
        "heterogeneity": 0.049139713683953534,
        "num_clients": 3,
        "accumulated_clients": 31
    },
    "9": {
        "loss": 0.577291408714395,
        "cen_accuracy": 0.7774,
        "heterogeneity": 0.045220905892666585,
        "num_clients": 3,
        "accumulated_clients": 34
    },
    "10": {
        "loss": 0.6020533699101914,
        "cen_accuracy": 0.7683,
        "heterogeneity": 0.05120828183727688,
        "num_clients": 2,
        "accumulated_clients": 36
    },
    "11": {
        "loss": 0.5711815033476955,
        "cen_accuracy": 0.7863,
        "heterogeneity": 0.04441476488204654,
        "num_clients": 2,
        "accumulated_clients": 38
    },
    "12": {
        "loss": 0.5558085126903491,
        "cen_accuracy": 0.7967,
        "heterogeneity": 0.04482660212465539,
        "num_clients": 2,
        "accumulated_clients": 40
    },
    "13": {
        "loss": 0.5600685508201678,
        "cen_accuracy": 0.7936,
        "heterogeneity": 0.04269286005121675,
        "num_clients": 2,
        "accumulated_clients": 42
    },
    "14": {
        "loss": 0.5456601186110951,
        "cen_accuracy": 0.8012,
        "heterogeneity": 0.04668129484616512,
        "num_clients": 2,
        "accumulated_clients": 44
    },
    "15": {
        "loss": 0.5877357327614349,
        "cen_accuracy": 0.7843,
        "heterogeneity": 0.05712936615741415,
        "num_clients": 2,
        "accumulated_clients": 46
    },
    "16": {
        "loss": 0.5428923104232112,
        "cen_accuracy": 0.7993,
        "heterogeneity": 0.04688162357967418,
        "num_clients": 2,
        "accumulated_clients": 48
    },
    "17": {
        "loss": 0.6150763178119263,
        "cen_accuracy": 0.7936,
        "heterogeneity": 0.04947972601107198,
        "num_clients": 2,
        "accumulated_clients": 50
    },
    "18": {
        "loss": 0.5246562542149815,
        "cen_accuracy": 0.8134,
        "heterogeneity": 0.05462821357110048,
        "num_clients": 3,
        "accumulated_clients": 53
    },
    "19": {
        "loss": 0.5133627202278509,
        "cen_accuracy": 0.8143,
        "heterogeneity": 0.0428342379622092,
        "num_clients": 3,
        "accumulated_clients": 56
    },
    "20": {
        "loss": 0.5210077303667038,
        "cen_accuracy": 0.8123,
        "heterogeneity": 0.03688568122862679,
        "num_clients": 3,
        "accumulated_clients": 59
    },
    "21": {
        "loss": 0.5089117229556124,
        "cen_accuracy": 0.8144,
        "heterogeneity": 0.042026543416577966,
        "num_clients": 3,
        "accumulated_clients": 62
    },
    "22": {
        "loss": 0.5220106507118899,
        "cen_accuracy": 0.8147,
        "heterogeneity": 0.04001244188340558,
        "num_clients": 2,
        "accumulated_clients": 64
    },
    "23": {
        "loss": 0.5110423278789551,
        "cen_accuracy": 0.8229,
        "heterogeneity": 0.037495562700218255,
        "num_clients": 2,
        "accumulated_clients": 66
    },
    "24": {
        "loss": 0.5241141834388525,
        "cen_accuracy": 0.8144,
        "heterogeneity": 0.031581034579646006,
        "num_clients": 2,
        "accumulated_clients": 68
    },
    "25": {
        "loss": 0.520177108934893,
        "cen_accuracy": 0.8156,
        "heterogeneity": 0.03987498810248524,
        "num_clients": 2,
        "accumulated_clients": 70
    },
    "26": {
        "loss": 0.5177345931434784,
        "cen_accuracy": 0.8165,
        "heterogeneity": 0.03664865734149558,
        "num_clients": 3,
        "accumulated_clients": 73
    },
    "27": {
        "loss": 0.5374499083803104,
        "cen_accuracy": 0.8113,
        "heterogeneity": 0.02906276890596582,
        "num_clients": 3,
        "accumulated_clients": 76
    },
    "28": {
        "loss": 0.5042014438599444,
        "cen_accuracy": 0.8272,
        "heterogeneity": 0.04030503896853743,
        "num_clients": 3,
        "accumulated_clients": 79
    },
    "29": {
        "loss": 0.5055792096752328,
        "cen_accuracy": 0.8288,
        "heterogeneity": 0.0340294846627448,
        "num_clients": 3,
        "accumulated_clients": 82
    },
    "30": {
        "loss": 0.5416860408819141,
        "cen_accuracy": 0.8102,
        "heterogeneity": 0.035980258731241443,
        "num_clients": 2,
        "accumulated_clients": 84
    },
    "31": {
        "loss": 0.5214505677167981,
        "cen_accuracy": 0.8258,
        "heterogeneity": 0.028602290841930222,
        "num_clients": 2,
        "accumulated_clients": 86
    },
    "32": {
        "loss": 0.5783245591833569,
        "cen_accuracy": 0.8144,
        "heterogeneity": 0.038627238318459045,
        "num_clients": 2,
        "accumulated_clients": 88
    },
    "33": {
        "loss": 0.5101692659881549,
        "cen_accuracy": 0.8219,
        "heterogeneity": 0.029728843327765375,
        "num_clients": 2,
        "accumulated_clients": 90
    },
    "34": {
        "loss": 0.5005440027854694,
        "cen_accuracy": 0.8251,
        "heterogeneity": 0.02222533343571187,
        "num_clients": 2,
        "accumulated_clients": 92
    },
    "35": {
        "loss": 0.5040530507890181,
        "cen_accuracy": 0.8302,
        "heterogeneity": 0.030196531496722745,
        "num_clients": 2,
        "accumulated_clients": 94
    },
    "36": {
        "loss": 0.5101879912133986,
        "cen_accuracy": 0.8318,
        "heterogeneity": 0.026959694296483372,
        "num_clients": 2,
        "accumulated_clients": 96
    },
    "37": {
        "loss": 0.5242744187672679,
        "cen_accuracy": 0.8209,
        "heterogeneity": 0.024975414354459602,
        "num_clients": 2,
        "accumulated_clients": 98
    },
    "38": {
        "loss": 0.5210563665904557,
        "cen_accuracy": 0.829,
        "heterogeneity": 0.030034974154180438,
        "num_clients": 3,
        "accumulated_clients": 101
    },
    "39": {
        "loss": 0.4861892745755732,
        "cen_accuracy": 0.8385,
        "heterogeneity": 0.026144477404889344,
        "num_clients": 3,
        "accumulated_clients": 104
    },
    "40": {
        "loss": 0.5050139797095674,
        "cen_accuracy": 0.8392,
        "heterogeneity": 0.028378786814215906,
        "num_clients": 3,
        "accumulated_clients": 107
    },
    "41": {
        "loss": 0.48759712195529725,
        "cen_accuracy": 0.8376,
        "heterogeneity": 0.019799251970265552,
        "num_clients": 3,