{
    "0": {
        "loss": 2.3040815824136947,
        "cen_accuracy": 0.1012
    },
    "1": {
        "loss": 1.7964033756774074,
        "cen_accuracy": 0.5977,
        "heterogeneity": 0.2577539583298111,
        "num_clients": 10,
        "accumulated_clients": 10
    },
    "2": {
        "loss": 0.8881838442608952,
        "cen_accuracy": 0.7015,
        "heterogeneity": 0.1947132294985513,
        "num_clients": 10,
        "accumulated_clients": 20
    },
    "3": {
        "loss": 0.7195305979480378,
        "cen_accuracy": 0.7376,
        "heterogeneity": 0.06019780213294368,
        "num_clients": 9,
        "accumulated_clients": 29
    },
    "4": {
        "loss": 0.6574839756321221,
        "cen_accuracy": 0.7495,
        "heterogeneity": 0.05652228351737243,
        "num_clients": 9,
        "accumulated_clients": 38
    },
    "5": {
        "loss": 0.6237726940895422,
        "cen_accuracy": 0.7561,
        "heterogeneity": 0.05878614319033759,
        "num_clients": 9,
        "accumulated_clients": 47
    },
    "6": {
        "loss": 0.6120590318125277,
        "cen_accuracy": 0.76,
        "heterogeneity": 0.05800331483258159,
        "num_clients": 8,
        "accumulated_clients": 55
    },
    "7": {
        "loss": 0.5727442302071629,
        "cen_accuracy": 0.7805,
        "heterogeneity": 0.055511373422430954,
        "num_clients": 8,
        "accumulated_clients": 63
    },
    "8": {
        "loss": 0.5640961484025462,
        "cen_accuracy": 0.7822,
        "heterogeneity": 0.05251867957982326,
        "num_clients": 8,
        "accumulated_clients": 71
    },
    "9": {
        "loss": 0.530258490445134,
        "cen_accuracy": 0.7913,
        "heterogeneity": 0.05297806788049486,
        "num_clients": 7,
        "accumulated_clients": 78
    },
    "10": {
        "loss": 0.5445204164844732,
        "cen_accuracy": 0.7906,
        "heterogeneity": 0.05208988231374401,
        "num_clients": 7,
        "accumulated_clients": 85
    },
    "11": {
        "loss": 0.5149542250857947,
        "cen_accuracy": 0.8006,
        "heterogeneity": 0.049329006194023695,
        "num_clients": 7,
        "accumulated_clients": 92
    },
    "12": {
        "loss": 0.5254306708947538,
        "cen_accuracy": 0.8011,
        "heterogeneity": 0.0505468573199368,
        "num_clients": 7,
        "accumulated_clients": 99
    },
    "13": {
        "loss": 0.527084761867508,
        "cen_accuracy": 0.8095,
        "heterogeneity": 0.053905180382746276,
        "num_clients": 6,
        "accumulated_clients": 105
    },
    "14": {
        "loss": 0.5255402162337837,
        "cen_accuracy": 0.8058,
        "heterogeneity": 0.06145659634418876,
        "num_clients": 6,
        "accumulated_clients": 111
    },
    "15": {
        "loss": 0.5131199222307997,
        "cen_accuracy": 0.8095,
        "heterogeneity": 0.05260877147363818,
        "num_clients": 6,
        "accumulated_clients": 117
    },
    "16": {
        "loss": 0.5141418059222614,
        "cen_accuracy": 0.8091,
        "heterogeneity": 0.05117809002752538,
        "num_clients": 6,
        "accumulated_clients": 123
    },
    "17": {
        "loss": 0.501807380074891,
        "cen_accuracy": 0.8177,
        "heterogeneity": 0.050539570756604646,
        "num_clients": 5,
        "accumulated_clients": 128
    },
    "18": {
        "loss": 0.4985675899841534,
        "cen_accuracy": 0.8174,
        "heterogeneity": 0.041731038594739145,
        "num_clients": 5,
        "accumulated_clients": 133
    },
    "19": {
        "loss": 0.5037046549276422,
        "cen_accuracy": 0.8176,
        "heterogeneity": 0.04539633414035438,
        "num_clients": 5,
        "accumulated_clients": 138
    },
    "20": {
        "loss": 0.5289872382014704,
        "cen_accuracy": 0.816,
        "heterogeneity": 0.04714192567075026,
        "num_clients": 5,
        "accumulated_clients": 143
    },
    "21": {
        "loss": 0.4692536939066439,
        "cen_accuracy": 0.8355,
        "heterogeneity": 0.04369122243556722,
        "num_clients": 6,
        "accumulated_clients": 149
    },
    "22": {
        "loss": 0.48126088249416776,
        "cen_accuracy": 0.8346,
        "heterogeneity": 0.04232141376418108,
        "num_clients": 6,
        "accumulated_clients": 155
    },
    "23": {
        "loss": 0.4730254146523369,
        "cen_accuracy": 0.8344,
        "heterogeneity": 0.04121452890183963,
        "num_clients": 6,
        "accumulated_clients": 161
    },
    "24": {
        "loss": 0.476486116790543,
        "cen_accuracy": 0.8404,
        "heterogeneity": 0.04069230042279892,
        "num_clients": 6,
        "accumulated_clients": 167
    },
    "25": {
        "loss": 0.4959961564396136,
        "cen_accuracy": 0.8314,
        "heterogeneity": 0.04543221954133325,
        "num_clients": 5,
        "accumulated_clients": 172
    },
    "26": {
        "loss": 0.46454254228371783,
        "cen_accuracy": 0.8377,
        "heterogeneity": 0.039949480102993484,
        "num_clients": 5,
        "accumulated_clients": 177
    },
    "27": {
        "loss": 0.4610760891780305,
        "cen_accuracy": 0.8391,
        "heterogeneity": 0.04009124407172082,
        "num_clients": 5,
        "accumulated_clients": 182
    },
    "28": {
        "loss": 0.47401444597270925,
        "cen_accuracy": 0.8393,
        "heterogeneity": 0.04206422695009038,
        "num_clients": 5,
        "accumulated_clients": 187
    },
    "29": {
        "loss": 0.4495751800628516,
        "cen_accuracy": 0.841,
        "heterogeneity": 0.0397070904493928,
        "num_clients": 4,
        "accumulated_clients": 191
    },
    "30": {
        "loss": 0.48463034177550113,
        "cen_accuracy": 0.8397,
        "heterogeneity": 0.035569358026984355,
        "num_clients": 4,
        "accumulated_clients": 195
    },
    "31": {
        "loss": 0.4960491416124871,
        "cen_accuracy": 0.8392,
        "heterogeneity": 0.03866693216370132,
        "num_clients": 4,
        "accumulated_clients": 199
    },
    "32": {
        "loss": 0.4932197548282413,
        "cen_accuracy": 0.8356,
        "heterogeneity": 0.03467989818539985,
        "num_clients": 4,
        "accumulated_clients": 203
    },
    "33": {
        "loss": 0.46735109831578436,
        "cen_accuracy": 0.8476,
        "heterogeneity": 0.037799527075028316,
        "num_clients": 5,
        "accumulated_clients": 208
    },
    "34": {
        "loss": 0.47777724182739045,
        "cen_accuracy": 0.8418,
        "heterogeneity": 0.03587370581920124,
        "num_clients": 5,
        "accumulated_clients": 213
    },
    "35": {
        "loss": 0.4822136072067026,
        "cen_accuracy": 0.8447,
        "heterogeneity": 0.0394458422771059,
        "num_clients": 5,
        "accumulated_clients": 218
    },
    "36": {
        "loss": 0.4592171095478268,
        "cen_accuracy": 0.8444,
        "heterogeneity": 0.0330231129809162,
        "num_clients": 5,
        "accumulated_clients": 223
    },
    "37": {
        "loss": 0.43691030025672606,
        "cen_accuracy": 0.8498,
        "heterogeneity": 0.031234368020547132,
        "num_clients": 6,
        "accumulated_clients": 229
    },
    "38": {
        "loss": 0.46291644983112623,
        "cen_accuracy": 0.8494,
        "heterogeneity": 0.03368165292914527,
        "num_clients": 6,
        "accumulated_clients": 235
    },
    "39": {
        "loss": 0.4402748715763275,
        "cen_accuracy": 0.8519,
        "heterogeneity": 0.028895951862995095,
        "num_clients": 6,
        "accumulated_clients": 241
    },
    "40": {
        "loss": 0.46089507401370394,
        "cen_accuracy": 0.8475,
        "heterogeneity": 0.03084415624081871,
        "num_clients": 6,
        "accumulated_clients": 247
    },
    "41": {
        "loss": 0.4392577225265031,
        "cen_accuracy": 0.8494,
        "heterogeneity": 0.03353339457842408,
        "num_clients": 7,