{
    "0": {
        "loss": 2.3059696838878594,
        "cen_accuracy": 0.0718
    },
    "1": {
        "loss": 1.8798061723526294,
        "cen_accuracy": 0.4077,
        "num_clients": 5,
        "accumulated_clients": 5
    },
    "2": {
        "loss": 1.7658547606711952,
        "cen_accuracy": 0.459,
        "num_clients": 5,
        "accumulated_clients": 10
    },
    "3": {
        "loss": 1.4363046579848464,
        "cen_accuracy": 0.4705,
        "num_clients": 2,
        "accumulated_clients": 12
    },
    "4": {
        "loss": 1.7339787346105606,
        "cen_accuracy": 0.3978,
        "num_clients": 2,
        "accumulated_clients": 14
    },
    "5": {
        "loss": 1.9845256131297102,
        "cen_accuracy": 0.3761,
        "num_clients": 2,
        "accumulated_clients": 16
    },
    "6": {
        "loss": 1.5171481789872288,
        "cen_accuracy": 0.463,
        "num_clients": 4,
        "accumulated_clients": 20
    },
    "7": {
        "loss": 1.9186075815377526,
        "cen_accuracy": 0.4139,
        "num_clients": 2,
        "accumulated_clients": 22
    },
    "8": {
        "loss": 1.650102595551707,
        "cen_accuracy": 0.4934,
        "num_clients": 2,
        "accumulated_clients": 24
    },
    "9": {
        "loss": 1.5693223221233477,
        "cen_accuracy": 0.5018,
        "num_clients": 2,
        "accumulated_clients": 26
    },
    "10": {
        "loss": 1.0618868434010222,
        "cen_accuracy": 0.5816,
        "num_clients": 4,
        "accumulated_clients": 30
    },
    "11": {
        "loss": 1.0718436284948842,
        "cen_accuracy": 0.5563,
        "num_clients": 2,
        "accumulated_clients": 32
    },
    "12": {
        "loss": 1.1493406272924747,
        "cen_accuracy": 0.5543,
        "num_clients": 4,
        "accumulated_clients": 36
    },
    "13": {
        "loss": 1.3586787055856504,
        "cen_accuracy": 0.5188,
        "num_clients": 2,
        "accumulated_clients": 38
    },
    "14": {
        "loss": 1.0174126118516769,
        "cen_accuracy": 0.624,
        "num_clients": 4,
        "accumulated_clients": 42
    },
    "15": {
        "loss": 0.8533613177153249,
        "cen_accuracy": 0.7038,
        "num_clients": 2,
        "accumulated_clients": 44
    },
    "16": {
        "loss": 0.8493332775256124,
        "cen_accuracy": 0.7056,
        "num_clients": 2,
        "accumulated_clients": 46
    },
    "17": {
        "loss": 1.3393838310394044,
        "cen_accuracy": 0.4579,
        "num_clients": 2,
        "accumulated_clients": 48
    },
    "18": {
        "loss": 1.1156148112620028,
        "cen_accuracy": 0.577,
        "num_clients": 2,
        "accumulated_clients": 50
    },
    "19": {
        "loss": 0.9312953681420213,
        "cen_accuracy": 0.6392,
        "num_clients": 4,
        "accumulated_clients": 54
    },
    "20": {
        "loss": 1.1715916391378773,
        "cen_accuracy": 0.6356,
        "num_clients": 2,
        "accumulated_clients": 56
    },
    "21": {
        "loss": 0.7940941525343508,
        "cen_accuracy": 0.7292,
        "num_clients": 4,
        "accumulated_clients": 60
    },
    "22": {
        "loss": 1.4359352293486793,
        "cen_accuracy": 0.5528,
        "num_clients": 2,
        "accumulated_clients": 62
    },
    "23": {
        "loss": 0.8969555103931183,
        "cen_accuracy": 0.6698,
        "num_clients": 4,
        "accumulated_clients": 66
    },
    "24": {
        "loss": 0.7356565392817171,
        "cen_accuracy": 0.7269,
        "num_clients": 8,
        "accumulated_clients": 74
    },
    "25": {
        "loss": 0.8113689421655271,
        "cen_accuracy": 0.728,
        "num_clients": 4,
        "accumulated_clients": 78
    },
    "26": {
        "loss": 1.0196938364269634,
        "cen_accuracy": 0.6374,
        "num_clients": 2,
        "accumulated_clients": 80
    },
    "27": {
        "loss": 0.7942489099959595,
        "cen_accuracy": 0.7048,
        "num_clients": 2,
        "accumulated_clients": 82
    },
    "28": {
        "loss": 0.7821504735527709,
        "cen_accuracy": 0.7069,
        "num_clients": 4,
        "accumulated_clients": 86
    },
    "29": {
        "loss": 1.3504689364387585,
        "cen_accuracy": 0.5491,
        "num_clients": 2,
        "accumulated_clients": 88
    },
    "30": {
        "loss": 0.8868527340051084,
        "cen_accuracy": 0.6682,
        "num_clients": 2,
        "accumulated_clients": 90
    },
    "31": {
        "loss": 0.7441062570189516,
        "cen_accuracy": 0.6996,
        "num_clients": 4,
        "accumulated_clients": 94
    },
    "32": {
        "loss": 0.8566517618517525,
        "cen_accuracy": 0.7014,
        "num_clients": 2,
        "accumulated_clients": 96
    },
    "33": {
        "loss": 0.7320535238177631,
        "cen_accuracy": 0.7501,
        "num_clients": 2,
        "accumulated_clients": 98
    },
    "34": {
        "loss": 0.907675107256673,
        "cen_accuracy": 0.6159,
        "num_clients": 4,
        "accumulated_clients": 102
    },
    "35": {
        "loss": 0.731666393839894,
        "cen_accuracy": 0.727,
        "num_clients": 2,
        "accumulated_clients": 104
    },
    "36": {
        "loss": 0.8332319090160699,
        "cen_accuracy": 0.7139,
        "num_clients": 4,
        "accumulated_clients": 108
    },
    "37": {
        "loss": 0.7826883856671306,
        "cen_accuracy": 0.707,
        "num_clients": 2,
        "accumulated_clients": 110
    },
    "38": {
        "loss": 0.6991735756778108,
        "cen_accuracy": 0.7181,
        "num_clients": 4,
        "accumulated_clients": 114
    },
    "39": {
        "loss": 0.7413333750570925,
        "cen_accuracy": 0.7336,
        "num_clients": 2,
        "accumulated_clients": 116
    },
    "40": {
        "loss": 0.6883279981133276,
        "cen_accuracy": 0.7555,
        "num_clients": 4,
        "accumulated_clients": 120
    },
    "41": {
        "loss": 0.5857660305290557,
        "cen_accuracy": 0.7836,
        "num_clients": 8,
        "accumulated_clients": 128
    },
    "42": {
        "loss": 0.8315659347243203,
        "cen_accuracy": 0.6659,
        "num_clients": 4,
        "accumulated_clients": 132
    },
    "43": {
        "loss": 0.7222657367444267,
        "cen_accuracy": 0.7089,
        "num_clients": 2,
        "accumulated_clients": 134
    },
    "44": {
        "loss": 0.8953777361696902,
        "cen_accuracy": 0.6641,
        "num_clients": 4,
        "accumulated_clients": 138
    },
    "45": {
        "loss": 0.7388795346688157,
        "cen_accuracy": 0.7352,
        "num_clients": 2,
        "accumulated_clients": 140
    },
    "46": {
        "loss": 0.7211944898382162,
        "cen_accuracy": 0.7623,
        "num_clients": 4,
        "accumulated_clients": 144
    },
    "47": {
        "loss": 0.9257534393868126,
        "cen_accuracy": 0.7105,
        "num_clients": 2,
        "accumulated_clients": 146
    },
    "48": {
        "loss": 0.8936840137734581,
        "cen_accuracy": 0.7148,
        "num_clients": 2,
        "accumulated_clients": 148
    },
    "49": {
        "loss": 0.74051117697082,
        "cen_accuracy": 0.7272,
        "num_clients": 4,
        "accumulated_clients": 152
    },
    "50": {
        "loss": 0.7809750894768931,
        "cen_accuracy": 0.7276,
        "num_clients": 2,
        "accumulated_clients": 154
    },
    "51": {
        "loss": 0.6804188777463505,
        "cen_accuracy": 0.7427,
        "num_clients": 4,
        "accumulated_clients": 158
    },
    "52": {
        "loss": 0.6023124820603349,
        "cen_accuracy": 0.7806,
        "num_clients": 8,
        "accumulated_clients": 166
    },
    "53": {
        "loss": 0.7714124632338746,
        "cen_accuracy": 0.6673,
        "num_clients": 4,
        "accumulated_clients": 170
    },
    "54": {
        "loss": 0.8621854712597479,
        "cen_accuracy": 0.7072,
        "num_clients": 2,