{
    "0": {
        "loss": 2.3059696838878594,
        "cen_accuracy": 0.0718
    },
    "1": {
        "loss": 2.0893665140810103,
        "cen_accuracy": 0.3322,
        "num_clients": 6,
        "accumulated_clients": 6
    },
    "2": {
        "loss": 1.6202451268704936,
        "cen_accuracy": 0.4887,
        "num_clients": 6,
        "accumulated_clients": 12
    },
    "3": {
        "loss": 1.6080656946657566,
        "cen_accuracy": 0.4736,
        "num_clients": 5,
        "accumulated_clients": 17
    },
    "4": {
        "loss": 1.2730168827806418,
        "cen_accuracy": 0.5167,
        "num_clients": 5,
        "accumulated_clients": 22
    },
    "5": {
        "loss": 1.1175671956790523,
        "cen_accuracy": 0.5616,
        "num_clients": 5,
        "accumulated_clients": 27
    },
    "6": {
        "loss": 1.0451749368978385,
        "cen_accuracy": 0.5709,
        "num_clients": 4,
        "accumulated_clients": 31
    },
    "7": {
        "loss": 1.0394133390329134,
        "cen_accuracy": 0.6478,
        "num_clients": 4,
        "accumulated_clients": 35
    },
    "8": {
        "loss": 1.6889564968145694,
        "cen_accuracy": 0.4427,
        "num_clients": 4,
        "accumulated_clients": 39
    },
    "9": {
        "loss": 1.0574293509839823,
        "cen_accuracy": 0.6067,
        "num_clients": 4,
        "accumulated_clients": 43
    },
    "10": {
        "loss": 1.3043201211542368,
        "cen_accuracy": 0.5065,
        "num_clients": 5,
        "accumulated_clients": 48
    },
    "11": {
        "loss": 1.0665774353015156,
        "cen_accuracy": 0.5598,
        "num_clients": 5,
        "accumulated_clients": 53
    },
    "12": {
        "loss": 0.8065507903266639,
        "cen_accuracy": 0.657,
        "num_clients": 5,
        "accumulated_clients": 58
    },
    "13": {
        "loss": 0.877894324235642,
        "cen_accuracy": 0.6828,
        "num_clients": 5,
        "accumulated_clients": 63
    },
    "14": {
        "loss": 0.7437761503096205,
        "cen_accuracy": 0.6768,
        "num_clients": 4,
        "accumulated_clients": 67
    },
    "15": {
        "loss": 0.8280700655600515,
        "cen_accuracy": 0.6962,
        "num_clients": 4,
        "accumulated_clients": 71
    },
    "16": {
        "loss": 0.7519235888037819,
        "cen_accuracy": 0.7288,
        "num_clients": 4,
        "accumulated_clients": 75
    },
    "17": {
        "loss": 0.657433880784641,
        "cen_accuracy": 0.7402,
        "num_clients": 4,
        "accumulated_clients": 79
    },
    "18": {
        "loss": 0.6971600601277032,
        "cen_accuracy": 0.7071,
        "num_clients": 4,
        "accumulated_clients": 83
    },
    "19": {
        "loss": 0.6635992146147707,
        "cen_accuracy": 0.7362,
        "num_clients": 3,
        "accumulated_clients": 86
    },
    "20": {
        "loss": 0.6574758374081633,
        "cen_accuracy": 0.7597,
        "num_clients": 3,
        "accumulated_clients": 89
    },
    "21": {
        "loss": 0.7345574714314823,
        "cen_accuracy": 0.7303,
        "num_clients": 3,
        "accumulated_clients": 92
    },
    "22": {
        "loss": 1.0495194584226455,
        "cen_accuracy": 0.6037,
        "num_clients": 3,
        "accumulated_clients": 95
    },
    "23": {
        "loss": 1.1445314710894332,
        "cen_accuracy": 0.5906,
        "num_clients": 3,
        "accumulated_clients": 98
    },
    "24": {
        "loss": 1.2580690732398354,
        "cen_accuracy": 0.5662,
        "num_clients": 3,
        "accumulated_clients": 101
    },
    "25": {
        "loss": 0.9325901815495171,
        "cen_accuracy": 0.6394,
        "num_clients": 6,
        "accumulated_clients": 107
    },
    "26": {
        "loss": 1.0181948416910993,
        "cen_accuracy": 0.604,
        "num_clients": 6,
        "accumulated_clients": 113
    },
    "27": {
        "loss": 0.6921215740065224,
        "cen_accuracy": 0.6929,
        "num_clients": 6,
        "accumulated_clients": 119
    },
    "28": {
        "loss": 0.645474349776396,
        "cen_accuracy": 0.7587,
        "num_clients": 5,
        "accumulated_clients": 124
    },
    "29": {
        "loss": 0.6643566577293621,
        "cen_accuracy": 0.7065,
        "num_clients": 5,
        "accumulated_clients": 129
    },
    "30": {
        "loss": 0.671150036418019,
        "cen_accuracy": 0.7057,
        "num_clients": 5,
        "accumulated_clients": 134
    },
    "31": {
        "loss": 0.5858817883192922,
        "cen_accuracy": 0.7875,
        "num_clients": 5,
        "accumulated_clients": 139
    },
    "32": {
        "loss": 0.7548359812448581,
        "cen_accuracy": 0.6948,
        "num_clients": 4,
        "accumulated_clients": 143
    },
    "33": {
        "loss": 0.7742355384480077,
        "cen_accuracy": 0.7002,
        "num_clients": 4,
        "accumulated_clients": 147
    },
    "34": {
        "loss": 0.9841047799625335,
        "cen_accuracy": 0.6946,
        "num_clients": 4,
        "accumulated_clients": 151
    },
    "35": {
        "loss": 0.8890302950581803,
        "cen_accuracy": 0.7083,
        "num_clients": 4,
        "accumulated_clients": 155
    },
    "36": {
        "loss": 0.7230423201387302,
        "cen_accuracy": 0.7495,
        "num_clients": 3,
        "accumulated_clients": 158
    },
    "37": {
        "loss": 1.0429150502140911,
        "cen_accuracy": 0.6443,
        "num_clients": 3,
        "accumulated_clients": 161
    },
    "38": {
        "loss": 0.76046649554667,
        "cen_accuracy": 0.7028,
        "num_clients": 3,
        "accumulated_clients": 164
    },
    "39": {
        "loss": 0.6150683882518317,
        "cen_accuracy": 0.7842,
        "num_clients": 3,
        "accumulated_clients": 167
    },
    "40": {
        "loss": 0.9137130111170272,
        "cen_accuracy": 0.6802,
        "num_clients": 2,
        "accumulated_clients": 169
    },
    "41": {
        "loss": 0.6936353311751978,
        "cen_accuracy": 0.6944,
        "num_clients": 2,
        "accumulated_clients": 171
    },
    "42": {
        "loss": 1.105503593104335,
        "cen_accuracy": 0.6202,
        "num_clients": 2,
        "accumulated_clients": 173
    },
    "43": {
        "loss": 1.029881114872119,
        "cen_accuracy": 0.6658,
        "num_clients": 2,
        "accumulated_clients": 175
    },
    "44": {
        "loss": 0.8756530610517191,
        "cen_accuracy": 0.645,
        "num_clients": 2,
        "accumulated_clients": 177
    },
    "45": {
        "loss": 0.7101568417808118,
        "cen_accuracy": 0.6944,
        "num_clients": 3,
        "accumulated_clients": 180
    },
    "46": {
        "loss": 0.614783190405026,
        "cen_accuracy": 0.7709,
        "num_clients": 3,
        "accumulated_clients": 183
    },
    "47": {
        "loss": 0.6532802608447333,
        "cen_accuracy": 0.7147,
        "num_clients": 3,
        "accumulated_clients": 186
    },
    "48": {
        "loss": 0.734228715919458,
        "cen_accuracy": 0.7438,
        "num_clients": 3,
        "accumulated_clients": 189
    },
    "49": {
        "loss": 0.5764022513319509,
        "cen_accuracy": 0.782,
        "num_clients": 3,
        "accumulated_clients": 192
    },
    "50": {
        "loss": 0.8550979757842164,
        "cen_accuracy": 0.6761,
        "num_clients": 2,
        "accumulated_clients": 194
    },
    "51": {
        "loss": 0.7359298891343248,
        "cen_accuracy": 0.7347,
        "num_clients": 2,
        "accumulated_clients": 196
    },
    "52": {
        "loss": 0.7565224761018357,
        "cen_accuracy": 0.6827,
        "num_clients": 2,
        "accumulated_clients": 198
    },
    "53": {
        "loss": 0.6091516153595318,
        "cen_accuracy": 0.7748,
        "num_clients": 2,
        "accumulated_clients": 200
    },
    "54": {
        "loss": 0.728377018350001,
        "cen_accuracy": 0.7193,
        "num_clients": 2,