{
    "0": {
        "loss": 2.3040815824136947,
        "cen_accuracy": 0.1012
    },
    "1": {
        "loss": 2.1053332478855364,
        "cen_accuracy": 0.3496,
        "num_clients": 10,
        "accumulated_clients": 10
    },
    "2": {
        "loss": 1.6992503598856088,
        "cen_accuracy": 0.3173,
        "num_clients": 10,
        "accumulated_clients": 20
    },
    "3": {
        "loss": 1.2260394296326196,
        "cen_accuracy": 0.6416,
        "num_clients": 10,
        "accumulated_clients": 30
    },
    "4": {
        "loss": 1.1322937084082216,
        "cen_accuracy": 0.6014,
        "num_clients": 10,
        "accumulated_clients": 40
    },
    "5": {
        "loss": 0.9413097397016641,
        "cen_accuracy": 0.6549,
        "num_clients": 10,
        "accumulated_clients": 50
    },
    "6": {
        "loss": 0.8761705468637875,
        "cen_accuracy": 0.6917,
        "num_clients": 10,
        "accumulated_clients": 60
    },
    "7": {
        "loss": 0.7548906260405105,
        "cen_accuracy": 0.7029,
        "num_clients": 10,
        "accumulated_clients": 70
    },
    "8": {
        "loss": 0.7474249265254876,
        "cen_accuracy": 0.7038,
        "num_clients": 10,
        "accumulated_clients": 80
    },
    "9": {
        "loss": 0.7309874159078629,
        "cen_accuracy": 0.702,
        "num_clients": 10,
        "accumulated_clients": 90
    },
    "10": {
        "loss": 0.6444995756537769,
        "cen_accuracy": 0.7507,
        "num_clients": 10,
        "accumulated_clients": 100
    },
    "11": {
        "loss": 0.6107814399579081,
        "cen_accuracy": 0.7669,
        "num_clients": 10,
        "accumulated_clients": 110
    },
    "12": {
        "loss": 0.7594649007145208,
        "cen_accuracy": 0.6988,
        "num_clients": 10,
        "accumulated_clients": 120
    },
    "13": {
        "loss": 0.643052563690149,
        "cen_accuracy": 0.7339,
        "num_clients": 10,
        "accumulated_clients": 130
    },
    "14": {
        "loss": 0.7495741023423191,
        "cen_accuracy": 0.7071,
        "num_clients": 10,
        "accumulated_clients": 140
    },
    "15": {
        "loss": 0.5798406609521506,
        "cen_accuracy": 0.7632,
        "num_clients": 10,
        "accumulated_clients": 150
    },
    "16": {
        "loss": 0.7116202339768029,
        "cen_accuracy": 0.7296,
        "num_clients": 10,
        "accumulated_clients": 160
    },
    "17": {
        "loss": 0.7144246027111626,
        "cen_accuracy": 0.7342,
        "num_clients": 10,
        "accumulated_clients": 170
    },
    "18": {
        "loss": 0.5959033946069284,
        "cen_accuracy": 0.7491,
        "num_clients": 10,
        "accumulated_clients": 180
    },
    "19": {
        "loss": 0.689641389412621,
        "cen_accuracy": 0.7266,
        "num_clients": 10,
        "accumulated_clients": 190
    },
    "20": {
        "loss": 0.767260563735383,
        "cen_accuracy": 0.7395,
        "num_clients": 10,
        "accumulated_clients": 200
    },
    "21": {
        "loss": 0.6637743404878976,
        "cen_accuracy": 0.7405,
        "num_clients": 10,
        "accumulated_clients": 210
    },
    "22": {
        "loss": 0.6089601989942618,
        "cen_accuracy": 0.7635,
        "num_clients": 10,
        "accumulated_clients": 220
    },
    "23": {
        "loss": 0.547757169689995,
        "cen_accuracy": 0.8026,
        "num_clients": 10,
        "accumulated_clients": 230
    },
    "24": {
        "loss": 0.5981536754213583,
        "cen_accuracy": 0.7779,
        "num_clients": 10,
        "accumulated_clients": 240
    },
    "25": {
        "loss": 0.6508533289542975,
        "cen_accuracy": 0.7307,
        "num_clients": 10,
        "accumulated_clients": 250
    },
    "26": {
        "loss": 0.5530447062021627,
        "cen_accuracy": 0.7791,
        "num_clients": 10,
        "accumulated_clients": 260
    },
    "27": {
        "loss": 0.5342975485439118,
        "cen_accuracy": 0.7885,
        "num_clients": 10,
        "accumulated_clients": 270
    },
    "28": {
        "loss": 0.5660681246568601,
        "cen_accuracy": 0.7723,
        "num_clients": 10,
        "accumulated_clients": 280
    },
    "29": {
        "loss": 0.5637193480238747,
        "cen_accuracy": 0.794,
        "num_clients": 10,
        "accumulated_clients": 290
    },
    "30": {
        "loss": 0.5589539545793503,
        "cen_accuracy": 0.7947,
        "num_clients": 10,
        "accumulated_clients": 300
    },
    "31": {
        "loss": 0.559461348591902,
        "cen_accuracy": 0.7929,
        "num_clients": 10,
        "accumulated_clients": 310
    },
    "32": {
        "loss": 0.5770568121165133,
        "cen_accuracy": 0.7837,
        "num_clients": 10,
        "accumulated_clients": 320
    },
    "33": {
        "loss": 0.49976051915377473,
        "cen_accuracy": 0.8001,
        "num_clients": 10,
        "accumulated_clients": 330
    },
    "34": {
        "loss": 0.5406005405389462,
        "cen_accuracy": 0.7903,
        "num_clients": 10,
        "accumulated_clients": 340
    },
    "35": {
        "loss": 0.6712713125414742,
        "cen_accuracy": 0.7379,
        "num_clients": 10,
        "accumulated_clients": 350
    },
    "36": {
        "loss": 0.5067436189030687,
        "cen_accuracy": 0.7961,
        "num_clients": 10,
        "accumulated_clients": 360
    },
    "37": {
        "loss": 0.5588279941116279,
        "cen_accuracy": 0.7556,
        "num_clients": 10,
        "accumulated_clients": 370
    },
    "38": {
        "loss": 0.48754284280938465,
        "cen_accuracy": 0.8185,
        "num_clients": 10,
        "accumulated_clients": 380
    },
    "39": {
        "loss": 0.4967835491267256,
        "cen_accuracy": 0.8188,
        "num_clients": 10,
        "accumulated_clients": 390
    },
    "40": {
        "loss": 0.48887926997087255,
        "cen_accuracy": 0.8166,
        "num_clients": 10,
        "accumulated_clients": 400
    },
    "41": {
        "loss": 0.5608917167916084,
        "cen_accuracy": 0.7941,
        "num_clients": 10,
        "accumulated_clients": 410
    },
    "42": {
        "loss": 0.4945013223174281,
        "cen_accuracy": 0.7982,
        "num_clients": 10,
        "accumulated_clients": 420
    },
    "43": {
        "loss": 0.49416199821633655,
        "cen_accuracy": 0.8113,
        "num_clients": 10,
        "accumulated_clients": 430
    },
    "44": {
        "loss": 0.612792332141925,
        "cen_accuracy": 0.7341,
        "num_clients": 10,
        "accumulated_clients": 440
    },
    "45": {
        "loss": 0.5645991586648618,
        "cen_accuracy": 0.7559,
        "num_clients": 10,
        "accumulated_clients": 450
    },
    "46": {
        "loss": 0.522805423734668,
        "cen_accuracy": 0.793,
        "num_clients": 10,
        "accumulated_clients": 460
    },
    "47": {
        "loss": 0.6585488269885127,
        "cen_accuracy": 0.7389,
        "num_clients": 10,
        "accumulated_clients": 470
    },
    "48": {
        "loss": 0.5987348647925038,
        "cen_accuracy": 0.7661,
        "num_clients": 10,
        "accumulated_clients": 480
    },
    "49": {
        "loss": 0.5522311542171259,
        "cen_accuracy": 0.7937,
        "num_clients": 10,
        "accumulated_clients": 490
    },
    "50": {
        "loss": 0.4781148416546587,
        "cen_accuracy": 0.8152,
        "num_clients": 10,
        "accumulated_clients": 500
    },
    "51": {
        "loss": 0.5756957152495369,
        "cen_accuracy": 0.7571,
        "num_clients": 10,
        "accumulated_clients": 510
    },
    "52": {
        "loss": 0.44486190930913433,
        "cen_accuracy": 0.8423,
        "num_clients": 10,
        "accumulated_clients": 520
    },
    "53": {
        "loss": 0.49540483765899185,
        "cen_accuracy": 0.806,
        "num_clients": 10,
        "accumulated_clients": 530
    },