{
    "0": {
        "loss": 2.303573555839709,
        "cen_accuracy": 0.1
    },
    "1": {
        "loss": 1.9434595740260407,
        "cen_accuracy": 0.2454,
        "num_clients": 10,
        "accumulated_clients": 10
    },
    "2": {
        "loss": 1.536921841839251,
        "cen_accuracy": 0.4548,
        "num_clients": 10,
        "accumulated_clients": 20
    },
    "3": {
        "loss": 1.155798795695503,
        "cen_accuracy": 0.6184,
        "num_clients": 5,
        "accumulated_clients": 25
    },
    "4": {
        "loss": 1.161892066177088,
        "cen_accuracy": 0.6745,
        "num_clients": 2,
        "accumulated_clients": 27
    },
    "5": {
        "loss": 1.268816991735952,
        "cen_accuracy": 0.5762,
        "num_clients": 4,
        "accumulated_clients": 31
    },
    "6": {
        "loss": 2.202482388423274,
        "cen_accuracy": 0.3878,
        "num_clients": 2,
        "accumulated_clients": 33
    },
    "7": {
        "loss": 2.0963322362198995,
        "cen_accuracy": 0.4539,
        "num_clients": 4,
        "accumulated_clients": 37
    },
    "8": {
        "loss": 1.0245326709823486,
        "cen_accuracy": 0.6521,
        "num_clients": 8,
        "accumulated_clients": 45
    },
    "9": {
        "loss": 0.8141450923852647,
        "cen_accuracy": 0.706,
        "num_clients": 4,
        "accumulated_clients": 49
    },
    "10": {
        "loss": 0.9128125871713169,
        "cen_accuracy": 0.6455,
        "num_clients": 2,
        "accumulated_clients": 51
    },
    "11": {
        "loss": 1.822224561017923,
        "cen_accuracy": 0.4643,
        "num_clients": 2,
        "accumulated_clients": 53
    },
    "12": {
        "loss": 0.9916589486713226,
        "cen_accuracy": 0.6335,
        "num_clients": 4,
        "accumulated_clients": 57
    },
    "13": {
        "loss": 2.2866161924581556,
        "cen_accuracy": 0.3473,
        "num_clients": 2,
        "accumulated_clients": 59
    },
    "14": {
        "loss": 1.3458011007537476,
        "cen_accuracy": 0.517,
        "num_clients": 2,
        "accumulated_clients": 61
    },
    "15": {
        "loss": 0.7415497308721939,
        "cen_accuracy": 0.7104,
        "num_clients": 4,
        "accumulated_clients": 65
    },
    "16": {
        "loss": 0.7312902056942352,
        "cen_accuracy": 0.7323,
        "num_clients": 8,
        "accumulated_clients": 73
    },
    "17": {
        "loss": 0.7680174383682946,
        "cen_accuracy": 0.7164,
        "num_clients": 4,
        "accumulated_clients": 77
    },
    "18": {
        "loss": 0.6585956487221459,
        "cen_accuracy": 0.7384,
        "num_clients": 8,
        "accumulated_clients": 85
    },
    "19": {
        "loss": 0.7081953133828343,
        "cen_accuracy": 0.7208,
        "num_clients": 4,
        "accumulated_clients": 89
    },
    "20": {
        "loss": 0.8132222218635364,
        "cen_accuracy": 0.664,
        "num_clients": 8,
        "accumulated_clients": 97
    },
    "21": {
        "loss": 0.7219723141231476,
        "cen_accuracy": 0.7297,
        "num_clients": 4,
        "accumulated_clients": 101
    },
    "22": {
        "loss": 0.6192414082658176,
        "cen_accuracy": 0.7496,
        "num_clients": 8,
        "accumulated_clients": 109
    },
    "23": {
        "loss": 0.6730742883948854,
        "cen_accuracy": 0.7274,
        "num_clients": 4,
        "accumulated_clients": 113
    },
    "24": {
        "loss": 1.47044081181383,
        "cen_accuracy": 0.5153,
        "num_clients": 2,
        "accumulated_clients": 115
    },
    "25": {
        "loss": 1.0490346825160919,
        "cen_accuracy": 0.6249,
        "num_clients": 2,
        "accumulated_clients": 117
    },
    "26": {
        "loss": 3.161361018689677,
        "cen_accuracy": 0.3982,
        "num_clients": 2,
        "accumulated_clients": 119
    },
    "27": {
        "loss": 1.4077069193791276,
        "cen_accuracy": 0.5264,
        "num_clients": 2,
        "accumulated_clients": 121
    },
    "28": {
        "loss": 0.6674538145240504,
        "cen_accuracy": 0.7469,
        "num_clients": 4,
        "accumulated_clients": 125
    },
    "29": {
        "loss": 0.8062432288361815,
        "cen_accuracy": 0.6592,
        "num_clients": 2,
        "accumulated_clients": 127
    },
    "30": {
        "loss": 0.7571256462567911,
        "cen_accuracy": 0.7038,
        "num_clients": 2,
        "accumulated_clients": 129
    },
    "31": {
        "loss": 0.9530980547967429,
        "cen_accuracy": 0.6631,
        "num_clients": 4,
        "accumulated_clients": 133
    },
    "32": {
        "loss": 0.8883498093952387,
        "cen_accuracy": 0.6721,
        "num_clients": 2,
        "accumulated_clients": 135
    },
    "33": {
        "loss": 0.9245989097954747,
        "cen_accuracy": 0.6531,
        "num_clients": 4,
        "accumulated_clients": 139
    },
    "34": {
        "loss": 0.8850075637761016,
        "cen_accuracy": 0.6697,
        "num_clients": 2,
        "accumulated_clients": 141
    },
    "35": {
        "loss": 0.8164731440262292,
        "cen_accuracy": 0.7165,
        "num_clients": 4,
        "accumulated_clients": 145
    },
    "36": {
        "loss": 0.9828180046603322,
        "cen_accuracy": 0.688,
        "num_clients": 2,
        "accumulated_clients": 147
    },
    "37": {
        "loss": 0.876435850136958,
        "cen_accuracy": 0.7199,
        "num_clients": 4,
        "accumulated_clients": 151
    },
    "38": {
        "loss": 0.8509359930079585,
        "cen_accuracy": 0.7478,
        "num_clients": 2,
        "accumulated_clients": 153
    },
    "39": {
        "loss": 1.0095190282066029,
        "cen_accuracy": 0.6786,
        "num_clients": 4,
        "accumulated_clients": 157
    },
    "40": {
        "loss": 2.5495925932265697,
        "cen_accuracy": 0.4545,
        "num_clients": 2,
        "accumulated_clients": 159
    },
    "41": {
        "loss": 1.0746006260093408,
        "cen_accuracy": 0.6576,
        "num_clients": 4,
        "accumulated_clients": 163
    },
    "42": {
        "loss": 0.7524578051445202,
        "cen_accuracy": 0.6881,
        "num_clients": 8,
        "accumulated_clients": 171
    },
    "43": {
        "loss": 0.6781420050718533,
        "cen_accuracy": 0.7057,
        "num_clients": 4,
        "accumulated_clients": 175
    },
    "44": {
        "loss": 0.694412210212348,
        "cen_accuracy": 0.7196,
        "num_clients": 8,
        "accumulated_clients": 183
    },
    "45": {
        "loss": 0.5875652621919736,
        "cen_accuracy": 0.7666,
        "num_clients": 16,
        "accumulated_clients": 199
    },
    "46": {
        "loss": 0.5991644226133633,
        "cen_accuracy": 0.7581,
        "num_clients": 8,
        "accumulated_clients": 207
    },
    "47": {
        "loss": 0.8865820468424227,
        "cen_accuracy": 0.6561,
        "num_clients": 4,
        "accumulated_clients": 211
    },
    "48": {
        "loss": 0.7013124106600642,
        "cen_accuracy": 0.7469,
        "num_clients": 8,
        "accumulated_clients": 219
    },
    "49": {
        "loss": 0.5344240801593366,
        "cen_accuracy": 0.7878,
        "num_clients": 16,
        "accumulated_clients": 235
    },
    "50": {
        "loss": 0.5258931713268018,
        "cen_accuracy": 0.7848,
        "num_clients": 32,
        "accumulated_clients": 267
    },
    "51": {
        "loss": 0.5285909103033261,
        "cen_accuracy": 0.7961,
        "num_clients": 16,
        "accumulated_clients": 283
    },
    "52": {
        "loss": 0.5192847105260855,
        "cen_accuracy": 0.8002,
        "num_clients": 32,
        "accumulated_clients": 315
    },
    "53": {
        "loss": 0.5083858719744241,
        "cen_accuracy": 0.805,
        "num_clients": 64,
        "accumulated_clients": 379
    },
    "54": {
        "loss": 0.5099633763582943,
        "cen_accuracy": 0.816,
        "num_clients": 32,