{
    "0": {
        "loss": 2.303573555839709,
        "cen_accuracy": 0.1
    },
    "1": {
        "loss": 1.7720710397147523,
        "cen_accuracy": 0.5785,
        "num_clients": 10,
        "accumulated_clients": 10
    },
    "2": {
        "loss": 0.9311069588120372,
        "cen_accuracy": 0.67,
        "num_clients": 10,
        "accumulated_clients": 20
    },
    "3": {
        "loss": 0.732327874952231,
        "cen_accuracy": 0.7324,
        "num_clients": 10,
        "accumulated_clients": 30
    },
    "4": {
        "loss": 0.6613331160987147,
        "cen_accuracy": 0.7467,
        "num_clients": 10,
        "accumulated_clients": 40
    },
    "5": {
        "loss": 0.6243416008096152,
        "cen_accuracy": 0.7572,
        "num_clients": 10,
        "accumulated_clients": 50
    },
    "6": {
        "loss": 0.6047309749423505,
        "cen_accuracy": 0.7608,
        "num_clients": 10,
        "accumulated_clients": 60
    },
    "7": {
        "loss": 0.5629048356042502,
        "cen_accuracy": 0.7816,
        "num_clients": 10,
        "accumulated_clients": 70
    },
    "8": {
        "loss": 0.5514476818208116,
        "cen_accuracy": 0.7853,
        "num_clients": 10,
        "accumulated_clients": 80
    },
    "9": {
        "loss": 0.5379692708817534,
        "cen_accuracy": 0.7858,
        "num_clients": 10,
        "accumulated_clients": 90
    },
    "10": {
        "loss": 0.536413495390179,
        "cen_accuracy": 0.8019,
        "num_clients": 10,
        "accumulated_clients": 100
    },
    "11": {
        "loss": 0.5120301256164576,
        "cen_accuracy": 0.8026,
        "num_clients": 10,
        "accumulated_clients": 110
    },
    "12": {
        "loss": 0.5186509179611938,
        "cen_accuracy": 0.808,
        "num_clients": 10,
        "accumulated_clients": 120
    },
    "13": {
        "loss": 0.5035006311088325,
        "cen_accuracy": 0.8124,
        "num_clients": 10,
        "accumulated_clients": 130
    },
    "14": {
        "loss": 0.5126024048073223,
        "cen_accuracy": 0.8154,
        "num_clients": 10,
        "accumulated_clients": 140
    },
    "15": {
        "loss": 0.5054739059065096,
        "cen_accuracy": 0.8121,
        "num_clients": 10,
        "accumulated_clients": 150
    },
    "16": {
        "loss": 0.4993737045758829,
        "cen_accuracy": 0.8195,
        "num_clients": 10,
        "accumulated_clients": 160
    },
    "17": {
        "loss": 0.49732868125834784,
        "cen_accuracy": 0.826,
        "num_clients": 10,
        "accumulated_clients": 170
    },
    "18": {
        "loss": 0.4946790358985956,
        "cen_accuracy": 0.8246,
        "num_clients": 10,
        "accumulated_clients": 180
    },
    "19": {
        "loss": 0.48589654062121823,
        "cen_accuracy": 0.8241,
        "num_clients": 10,
        "accumulated_clients": 190
    },
    "20": {
        "loss": 0.47685084051598375,
        "cen_accuracy": 0.8338,
        "num_clients": 10,
        "accumulated_clients": 200
    },
    "21": {
        "loss": 0.4833052119555565,
        "cen_accuracy": 0.8346,
        "num_clients": 10,
        "accumulated_clients": 210
    },
    "22": {
        "loss": 0.47727318769826677,
        "cen_accuracy": 0.834,
        "num_clients": 10,
        "accumulated_clients": 220
    },
    "23": {
        "loss": 0.4741561066704436,
        "cen_accuracy": 0.8374,
        "num_clients": 10,
        "accumulated_clients": 230
    },
    "24": {
        "loss": 0.46796244156722444,
        "cen_accuracy": 0.841,
        "num_clients": 10,
        "accumulated_clients": 240
    },
    "25": {
        "loss": 0.4718354797591797,
        "cen_accuracy": 0.8378,
        "num_clients": 10,
        "accumulated_clients": 250
    },
    "26": {
        "loss": 0.4628438716784072,
        "cen_accuracy": 0.8416,
        "num_clients": 10,
        "accumulated_clients": 260
    },
    "27": {
        "loss": 0.47093835796791905,
        "cen_accuracy": 0.8421,
        "num_clients": 10,
        "accumulated_clients": 270
    },
    "28": {
        "loss": 0.45262077079413415,
        "cen_accuracy": 0.8486,
        "num_clients": 10,
        "accumulated_clients": 280
    },
    "29": {
        "loss": 0.4626263072743964,
        "cen_accuracy": 0.8463,
        "num_clients": 10,
        "accumulated_clients": 290
    },
    "30": {
        "loss": 0.4617426239263516,
        "cen_accuracy": 0.8429,
        "num_clients": 10,
        "accumulated_clients": 300
    },
    "31": {
        "loss": 0.444790971498139,
        "cen_accuracy": 0.8453,
        "num_clients": 10,
        "accumulated_clients": 310
    },
    "32": {
        "loss": 0.4583476417647383,
        "cen_accuracy": 0.8469,
        "num_clients": 10,
        "accumulated_clients": 320
    },
    "33": {
        "loss": 0.44174582889666575,
        "cen_accuracy": 0.851,
        "num_clients": 10,
        "accumulated_clients": 330
    },
    "34": {
        "loss": 0.46164154502958915,
        "cen_accuracy": 0.8474,
        "num_clients": 10,
        "accumulated_clients": 340
    },
    "35": {
        "loss": 0.4514270504823508,
        "cen_accuracy": 0.849,
        "num_clients": 10,
        "accumulated_clients": 350
    },
    "36": {
        "loss": 0.4571425417265572,
        "cen_accuracy": 0.8521,
        "num_clients": 10,
        "accumulated_clients": 360
    },
    "37": {
        "loss": 0.46513229301467107,
        "cen_accuracy": 0.8469,
        "num_clients": 10,
        "accumulated_clients": 370
    },
    "38": {
        "loss": 0.4523943122059773,
        "cen_accuracy": 0.8529,
        "num_clients": 10,
        "accumulated_clients": 380
    },
    "39": {
        "loss": 0.46029274611951065,
        "cen_accuracy": 0.8527,
        "num_clients": 10,
        "accumulated_clients": 390
    },
    "40": {
        "loss": 0.4577049144302694,
        "cen_accuracy": 0.8539,
        "num_clients": 10,
        "accumulated_clients": 400
    },
    "41": {
        "loss": 0.46291761371655205,
        "cen_accuracy": 0.8563,
        "num_clients": 10,
        "accumulated_clients": 410
    },
    "42": {
        "loss": 0.4628824835625319,
        "cen_accuracy": 0.8557,
        "num_clients": 10,
        "accumulated_clients": 420
    },
    "43": {
        "loss": 0.45568972658187434,
        "cen_accuracy": 0.8556,
        "num_clients": 10,
        "accumulated_clients": 430
    },
    "44": {
        "loss": 0.4649019543164835,
        "cen_accuracy": 0.8553,
        "num_clients": 10,
        "accumulated_clients": 440
    },
    "45": {
        "loss": 0.450354811601555,
        "cen_accuracy": 0.8601,
        "num_clients": 10,
        "accumulated_clients": 450
    },
    "46": {
        "loss": 0.46697149860163845,
        "cen_accuracy": 0.8564,
        "num_clients": 10,
        "accumulated_clients": 460
    },
    "47": {
        "loss": 0.46521393921428594,
        "cen_accuracy": 0.8583,
        "num_clients": 10,
        "accumulated_clients": 470
    },
    "48": {
        "loss": 0.4645809203076858,
        "cen_accuracy": 0.8599,
        "num_clients": 10,
        "accumulated_clients": 480
    },
    "49": {
        "loss": 0.4557353022237555,
        "cen_accuracy": 0.8566,
        "num_clients": 10,
        "accumulated_clients": 490
    },
    "50": {
        "loss": 0.4599082205718318,
        "cen_accuracy": 0.8593,
        "num_clients": 10,
        "accumulated_clients": 500
    },
    "51": {
        "loss": 0.4728810367302392,
        "cen_accuracy": 0.8562,
        "num_clients": 10,
        "accumulated_clients": 510
    },
    "52": {
        "loss": 0.4835005013730389,
        "cen_accuracy": 0.8588,
        "num_clients": 10,
        "accumulated_clients": 520
    },
    "53": {
        "loss": 0.46179152580019767,
        "cen_accuracy": 0.8616,
        "num_clients": 10,
        "accumulated_clients": 530
    },