{
    "0": {
        "loss": 2.3059696838878594,
        "cen_accuracy": 0.0718
    },
    "1": {
        "loss": 1.5533171857888706,
        "cen_accuracy": 0.4455,
        "num_clients": 10,
        "accumulated_clients": 10
    },
    "2": {
        "loss": 0.911735669873393,
        "cen_accuracy": 0.6824,
        "num_clients": 10,
        "accumulated_clients": 20
    },
    "3": {
        "loss": 0.6980810867140468,
        "cen_accuracy": 0.739,
        "num_clients": 10,
        "accumulated_clients": 30
    },
    "4": {
        "loss": 0.6342927438382524,
        "cen_accuracy": 0.7594,
        "num_clients": 10,
        "accumulated_clients": 40
    },
    "5": {
        "loss": 0.5939430690611514,
        "cen_accuracy": 0.7674,
        "num_clients": 10,
        "accumulated_clients": 50
    },
    "6": {
        "loss": 0.5822633777658779,
        "cen_accuracy": 0.7736,
        "num_clients": 10,
        "accumulated_clients": 60
    },
    "7": {
        "loss": 0.5518863444891982,
        "cen_accuracy": 0.7844,
        "num_clients": 10,
        "accumulated_clients": 70
    },
    "8": {
        "loss": 0.543501688982732,
        "cen_accuracy": 0.7873,
        "num_clients": 10,
        "accumulated_clients": 80
    },
    "9": {
        "loss": 0.5388640518100879,
        "cen_accuracy": 0.7925,
        "num_clients": 10,
        "accumulated_clients": 90
    },
    "10": {
        "loss": 0.5199315629828091,
        "cen_accuracy": 0.8019,
        "num_clients": 10,
        "accumulated_clients": 100
    },
    "11": {
        "loss": 0.5201526303736927,
        "cen_accuracy": 0.8098,
        "num_clients": 10,
        "accumulated_clients": 110
    },
    "12": {
        "loss": 0.5304529338408583,
        "cen_accuracy": 0.8058,
        "num_clients": 10,
        "accumulated_clients": 120
    },
    "13": {
        "loss": 0.5068865107080807,
        "cen_accuracy": 0.812,
        "num_clients": 10,
        "accumulated_clients": 130
    },
    "14": {
        "loss": 0.503562337769487,
        "cen_accuracy": 0.8193,
        "num_clients": 10,
        "accumulated_clients": 140
    },
    "15": {
        "loss": 0.5000743735046052,
        "cen_accuracy": 0.8165,
        "num_clients": 10,
        "accumulated_clients": 150
    },
    "16": {
        "loss": 0.4980036134537036,
        "cen_accuracy": 0.8199,
        "num_clients": 10,
        "accumulated_clients": 160
    },
    "17": {
        "loss": 0.5008212600272304,
        "cen_accuracy": 0.8229,
        "num_clients": 10,
        "accumulated_clients": 170
    },
    "18": {
        "loss": 0.4847061797357596,
        "cen_accuracy": 0.8235,
        "num_clients": 10,
        "accumulated_clients": 180
    },
    "19": {
        "loss": 0.48288103031179014,
        "cen_accuracy": 0.8278,
        "num_clients": 10,
        "accumulated_clients": 190
    },
    "20": {
        "loss": 0.48694927964252405,
        "cen_accuracy": 0.8279,
        "num_clients": 10,
        "accumulated_clients": 200
    },
    "21": {
        "loss": 0.48835886481661384,
        "cen_accuracy": 0.8275,
        "num_clients": 10,
        "accumulated_clients": 210
    },
    "22": {
        "loss": 0.4830372744141676,
        "cen_accuracy": 0.8287,
        "num_clients": 10,
        "accumulated_clients": 220
    },
    "23": {
        "loss": 0.48316981357793076,
        "cen_accuracy": 0.8345,
        "num_clients": 10,
        "accumulated_clients": 230
    },
    "24": {
        "loss": 0.47030360418291517,
        "cen_accuracy": 0.8366,
        "num_clients": 10,
        "accumulated_clients": 240
    },
    "25": {
        "loss": 0.4527675601335379,
        "cen_accuracy": 0.8413,
        "num_clients": 10,
        "accumulated_clients": 250
    },
    "26": {
        "loss": 0.4857260354410726,
        "cen_accuracy": 0.8361,
        "num_clients": 10,
        "accumulated_clients": 260
    },
    "27": {
        "loss": 0.46362189993785974,
        "cen_accuracy": 0.8368,
        "num_clients": 10,
        "accumulated_clients": 270
    },
    "28": {
        "loss": 0.4599851957572916,
        "cen_accuracy": 0.8401,
        "num_clients": 10,
        "accumulated_clients": 280
    },
    "29": {
        "loss": 0.4606923220066217,
        "cen_accuracy": 0.8471,
        "num_clients": 10,
        "accumulated_clients": 290
    },
    "30": {
        "loss": 0.45555804258051774,
        "cen_accuracy": 0.8446,
        "num_clients": 10,
        "accumulated_clients": 300
    },
    "31": {
        "loss": 0.45212423177763295,
        "cen_accuracy": 0.847,
        "num_clients": 10,
        "accumulated_clients": 310
    },
    "32": {
        "loss": 0.46473134044831554,
        "cen_accuracy": 0.8467,
        "num_clients": 10,
        "accumulated_clients": 320
    },
    "33": {
        "loss": 0.45674858670741225,
        "cen_accuracy": 0.8437,
        "num_clients": 10,
        "accumulated_clients": 330
    },
    "34": {
        "loss": 0.4743242335205261,
        "cen_accuracy": 0.8433,
        "num_clients": 10,
        "accumulated_clients": 340
    },
    "35": {
        "loss": 0.45278763147398304,
        "cen_accuracy": 0.8497,
        "num_clients": 10,
        "accumulated_clients": 350
    },
    "36": {
        "loss": 0.4720189562097144,
        "cen_accuracy": 0.8476,
        "num_clients": 10,
        "accumulated_clients": 360
    },
    "37": {
        "loss": 0.44438033848524855,
        "cen_accuracy": 0.8462,
        "num_clients": 10,
        "accumulated_clients": 370
    },
    "38": {
        "loss": 0.46161933095691304,
        "cen_accuracy": 0.8479,
        "num_clients": 10,
        "accumulated_clients": 380
    },
    "39": {
        "loss": 0.4517715763026914,
        "cen_accuracy": 0.8513,
        "num_clients": 10,
        "accumulated_clients": 390
    },
    "40": {
        "loss": 0.47557090101436306,
        "cen_accuracy": 0.8494,
        "num_clients": 10,
        "accumulated_clients": 400
    },
    "41": {
        "loss": 0.46351323698084956,
        "cen_accuracy": 0.852,
        "num_clients": 10,
        "accumulated_clients": 410
    },
    "42": {
        "loss": 0.44992044070563,
        "cen_accuracy": 0.8553,
        "num_clients": 10,
        "accumulated_clients": 420
    },
    "43": {
        "loss": 0.4487464265487255,
        "cen_accuracy": 0.8531,
        "num_clients": 10,
        "accumulated_clients": 430
    },
    "44": {
        "loss": 0.44615611995751864,
        "cen_accuracy": 0.8574,
        "num_clients": 10,
        "accumulated_clients": 440
    },
    "45": {
        "loss": 0.443422576156668,
        "cen_accuracy": 0.8538,
        "num_clients": 10,
        "accumulated_clients": 450
    },
    "46": {
        "loss": 0.4620346993017501,
        "cen_accuracy": 0.8557,
        "num_clients": 10,
        "accumulated_clients": 460
    },
    "47": {
        "loss": 0.45501974482124985,
        "cen_accuracy": 0.8563,
        "num_clients": 10,
        "accumulated_clients": 470
    },
    "48": {
        "loss": 0.47315987632773554,
        "cen_accuracy": 0.8571,
        "num_clients": 10,
        "accumulated_clients": 480
    },
    "49": {
        "loss": 0.44324906315571205,
        "cen_accuracy": 0.8582,
        "num_clients": 10,
        "accumulated_clients": 490
    },
    "50": {
        "loss": 0.448273767107211,
        "cen_accuracy": 0.8522,
        "num_clients": 10,
        "accumulated_clients": 500
    },
    "51": {
        "loss": 0.4763573160091528,
        "cen_accuracy": 0.8494,
        "num_clients": 10,
        "accumulated_clients": 510
    },
    "52": {
        "loss": 0.46696177439186903,
        "cen_accuracy": 0.8564,
        "num_clients": 10,
        "accumulated_clients": 520
    },
    "53": {
        "loss": 0.4351617489902737,
        "cen_accuracy": 0.8564,
        "num_clients": 10,
        "accumulated_clients": 530
    },