{
    "0": {
        "loss": 2.3059696838878594,
        "cen_accuracy": 0.0718
    },
    "1": {
        "loss": 1.9868646936294752,
        "cen_accuracy": 0.3476,
        "num_clients": 11,
        "accumulated_clients": 11
    },
    "2": {
        "loss": 1.8714483705953286,
        "cen_accuracy": 0.3241,
        "num_clients": 11,
        "accumulated_clients": 22
    },
    "3": {
        "loss": 1.5413411078742518,
        "cen_accuracy": 0.4423,
        "num_clients": 13,
        "accumulated_clients": 35
    },
    "4": {
        "loss": 1.206507259474014,
        "cen_accuracy": 0.5822,
        "num_clients": 13,
        "accumulated_clients": 48
    },
    "5": {
        "loss": 0.9683065526782514,
        "cen_accuracy": 0.6808,
        "num_clients": 12,
        "accumulated_clients": 60
    },
    "6": {
        "loss": 0.8194313001708863,
        "cen_accuracy": 0.705,
        "num_clients": 12,
        "accumulated_clients": 72
    },
    "7": {
        "loss": 0.7889616994050365,
        "cen_accuracy": 0.6876,
        "num_clients": 12,
        "accumulated_clients": 84
    },
    "8": {
        "loss": 0.8017154640663927,
        "cen_accuracy": 0.6974,
        "num_clients": 11,
        "accumulated_clients": 95
    },
    "9": {
        "loss": 0.6404091230215737,
        "cen_accuracy": 0.7317,
        "num_clients": 11,
        "accumulated_clients": 106
    },
    "10": {
        "loss": 0.6418447973438726,
        "cen_accuracy": 0.7604,
        "num_clients": 11,
        "accumulated_clients": 117
    },
    "11": {
        "loss": 0.7549729524329066,
        "cen_accuracy": 0.6953,
        "num_clients": 10,
        "accumulated_clients": 127
    },
    "12": {
        "loss": 0.6898260469825123,
        "cen_accuracy": 0.7184,
        "num_clients": 10,
        "accumulated_clients": 137
    },
    "13": {
        "loss": 0.6638841414794373,
        "cen_accuracy": 0.7653,
        "num_clients": 10,
        "accumulated_clients": 147
    },
    "14": {
        "loss": 0.7069706368370178,
        "cen_accuracy": 0.6828,
        "num_clients": 10,
        "accumulated_clients": 157
    },
    "15": {
        "loss": 0.730292908109415,
        "cen_accuracy": 0.7202,
        "num_clients": 9,
        "accumulated_clients": 166
    },
    "16": {
        "loss": 0.6440617518303112,
        "cen_accuracy": 0.7493,
        "num_clients": 9,
        "accumulated_clients": 175
    },
    "17": {
        "loss": 0.562991027300731,
        "cen_accuracy": 0.7643,
        "num_clients": 9,
        "accumulated_clients": 184
    },
    "18": {
        "loss": 0.6412308145635806,
        "cen_accuracy": 0.7326,
        "num_clients": 9,
        "accumulated_clients": 193
    },
    "19": {
        "loss": 0.5955154435417522,
        "cen_accuracy": 0.7732,
        "num_clients": 8,
        "accumulated_clients": 201
    },
    "20": {
        "loss": 0.6414194292725085,
        "cen_accuracy": 0.751,
        "num_clients": 8,
        "accumulated_clients": 209
    },
    "21": {
        "loss": 1.0472250598878525,
        "cen_accuracy": 0.6111,
        "num_clients": 8,
        "accumulated_clients": 217
    },
    "22": {
        "loss": 0.5882372468138655,
        "cen_accuracy": 0.7647,
        "num_clients": 8,
        "accumulated_clients": 225
    },
    "23": {
        "loss": 0.6657416361589401,
        "cen_accuracy": 0.7315,
        "num_clients": 9,
        "accumulated_clients": 234
    },
    "24": {
        "loss": 0.5767666886980161,
        "cen_accuracy": 0.7625,
        "num_clients": 9,
        "accumulated_clients": 243
    },
    "25": {
        "loss": 0.5745787761462763,
        "cen_accuracy": 0.7644,
        "num_clients": 8,
        "accumulated_clients": 251
    },
    "26": {
        "loss": 0.6318514764118499,
        "cen_accuracy": 0.7386,
        "num_clients": 8,
        "accumulated_clients": 259
    },
    "27": {
        "loss": 0.6641542359282033,
        "cen_accuracy": 0.7432,
        "num_clients": 8,
        "accumulated_clients": 267
    },
    "28": {
        "loss": 0.6035401596904943,
        "cen_accuracy": 0.749,
        "num_clients": 9,
        "accumulated_clients": 276
    },
    "29": {
        "loss": 0.5473636015059468,
        "cen_accuracy": 0.7754,
        "num_clients": 9,
        "accumulated_clients": 285
    },
    "30": {
        "loss": 0.5304911488923021,
        "cen_accuracy": 0.8087,
        "num_clients": 8,
        "accumulated_clients": 293
    },
    "31": {
        "loss": 0.7012459654777575,
        "cen_accuracy": 0.7284,
        "num_clients": 8,
        "accumulated_clients": 301
    },
    "32": {
        "loss": 0.5959681404855686,
        "cen_accuracy": 0.8015,
        "num_clients": 8,
        "accumulated_clients": 309
    },
    "33": {
        "loss": 0.539112039743521,
        "cen_accuracy": 0.8046,
        "num_clients": 9,
        "accumulated_clients": 318
    },
    "34": {
        "loss": 0.640803941665366,
        "cen_accuracy": 0.7541,
        "num_clients": 9,
        "accumulated_clients": 327
    },
    "35": {
        "loss": 0.6297485560845262,
        "cen_accuracy": 0.7304,
        "num_clients": 9,
        "accumulated_clients": 336
    },
    "36": {
        "loss": 0.59130578081067,
        "cen_accuracy": 0.7623,
        "num_clients": 12,
        "accumulated_clients": 348
    },
    "37": {
        "loss": 0.5247822519118032,
        "cen_accuracy": 0.8128,
        "num_clients": 12,
        "accumulated_clients": 360
    },
    "38": {
        "loss": 0.4720798090052681,
        "cen_accuracy": 0.8245,
        "num_clients": 11,
        "accumulated_clients": 371
    },
    "39": {
        "loss": 0.5829059443058678,
        "cen_accuracy": 0.7881,
        "num_clients": 11,
        "accumulated_clients": 382
    },
    "40": {
        "loss": 0.5432477402991761,
        "cen_accuracy": 0.7778,
        "num_clients": 11,
        "accumulated_clients": 393
    },
    "41": {
        "loss": 0.5741464872710621,
        "cen_accuracy": 0.7464,
        "num_clients": 13,
        "accumulated_clients": 406
    },
    "42": {
        "loss": 0.5254774064111253,
        "cen_accuracy": 0.7886,
        "num_clients": 13,
        "accumulated_clients": 419
    },
    "43": {
        "loss": 0.469370210846773,
        "cen_accuracy": 0.8284,
        "num_clients": 12,
        "accumulated_clients": 431
    },
    "44": {
        "loss": 0.5522470037681988,
        "cen_accuracy": 0.7762,
        "num_clients": 12,
        "accumulated_clients": 443
    },
    "45": {
        "loss": 0.5643885302277037,
        "cen_accuracy": 0.766,
        "num_clients": 12,
        "accumulated_clients": 455
    },
    "46": {
        "loss": 0.5175479607650647,
        "cen_accuracy": 0.7942,
        "num_clients": 14,
        "accumulated_clients": 469
    },
    "47": {
        "loss": 0.46328899716607297,
        "cen_accuracy": 0.8318,
        "num_clients": 14,
        "accumulated_clients": 483
    },
    "48": {
        "loss": 0.4575865539118124,
        "cen_accuracy": 0.8299,
        "num_clients": 13,
        "accumulated_clients": 496
    },
    "49": {
        "loss": 0.5490587155182902,
        "cen_accuracy": 0.775,
        "num_clients": 13,
        "accumulated_clients": 509
    },
    "50": {
        "loss": 0.46888233968815485,
        "cen_accuracy": 0.8385,
        "num_clients": 13,
        "accumulated_clients": 522
    },
    "51": {
        "loss": 0.5008948511970691,
        "cen_accuracy": 0.8004,
        "num_clients": 12,
        "accumulated_clients": 534
    },
    "52": {
        "loss": 0.5110352168353601,
        "cen_accuracy": 0.8094,
        "num_clients": 12,
        "accumulated_clients": 546
    },
    "53": {
        "loss": 0.4627013168871974,
        "cen_accuracy": 0.8261,
        "num_clients": 12,
        "accumulated_clients": 558
    },
    "54": {
        "loss": 0.5572223478612809,