{
    "0": {
        "loss": 2.303573555839709,
        "cen_accuracy": 0.1
    },
    "1": {
        "loss": 2.084807406980009,
        "cen_accuracy": 0.2514,
        "num_clients": 5,
        "accumulated_clients": 5
    },
    "2": {
        "loss": 1.5202980140527598,
        "cen_accuracy": 0.4907,
        "num_clients": 5,
        "accumulated_clients": 10
    },
    "3": {
        "loss": 1.3808381433684986,
        "cen_accuracy": 0.5509,
        "num_clients": 10,
        "accumulated_clients": 20
    },
    "4": {
        "loss": 1.2135702087856328,
        "cen_accuracy": 0.5887,
        "num_clients": 5,
        "accumulated_clients": 25
    },
    "5": {
        "loss": 1.482660981793754,
        "cen_accuracy": 0.5045,
        "num_clients": 2,
        "accumulated_clients": 27
    },
    "6": {
        "loss": 1.3416410479873133,
        "cen_accuracy": 0.5111,
        "num_clients": 4,
        "accumulated_clients": 31
    },
    "7": {
        "loss": 1.0184273938782298,
        "cen_accuracy": 0.6438,
        "num_clients": 8,
        "accumulated_clients": 39
    },
    "8": {
        "loss": 1.2251330627420078,
        "cen_accuracy": 0.6236,
        "num_clients": 4,
        "accumulated_clients": 43
    },
    "9": {
        "loss": 0.8679098320273927,
        "cen_accuracy": 0.6645,
        "num_clients": 8,
        "accumulated_clients": 51
    },
    "10": {
        "loss": 0.7573719309351314,
        "cen_accuracy": 0.7155,
        "num_clients": 4,
        "accumulated_clients": 55
    },
    "11": {
        "loss": 0.8570791566714692,
        "cen_accuracy": 0.6939,
        "num_clients": 2,
        "accumulated_clients": 57
    },
    "12": {
        "loss": 1.3445939940575975,
        "cen_accuracy": 0.5481,
        "num_clients": 2,
        "accumulated_clients": 59
    },
    "13": {
        "loss": 0.9195326879001654,
        "cen_accuracy": 0.601,
        "num_clients": 4,
        "accumulated_clients": 63
    },
    "14": {
        "loss": 0.6637410710033137,
        "cen_accuracy": 0.7395,
        "num_clients": 8,
        "accumulated_clients": 71
    },
    "15": {
        "loss": 0.7159820035242805,
        "cen_accuracy": 0.723,
        "num_clients": 4,
        "accumulated_clients": 75
    },
    "16": {
        "loss": 0.8776598935500501,
        "cen_accuracy": 0.6482,
        "num_clients": 2,
        "accumulated_clients": 77
    },
    "17": {
        "loss": 1.9063426193337851,
        "cen_accuracy": 0.4866,
        "num_clients": 2,
        "accumulated_clients": 79
    },
    "18": {
        "loss": 0.8447735618097714,
        "cen_accuracy": 0.6753,
        "num_clients": 4,
        "accumulated_clients": 83
    },
    "19": {
        "loss": 0.6857778169095706,
        "cen_accuracy": 0.7551,
        "num_clients": 8,
        "accumulated_clients": 91
    },
    "20": {
        "loss": 0.7201551382724469,
        "cen_accuracy": 0.7295,
        "num_clients": 4,
        "accumulated_clients": 95
    },
    "21": {
        "loss": 0.9088541812980517,
        "cen_accuracy": 0.6553,
        "num_clients": 2,
        "accumulated_clients": 97
    },
    "22": {
        "loss": 0.9212762663920466,
        "cen_accuracy": 0.6619,
        "num_clients": 2,
        "accumulated_clients": 99
    },
    "23": {
        "loss": 0.9757485153576055,
        "cen_accuracy": 0.5946,
        "num_clients": 4,
        "accumulated_clients": 103
    },
    "24": {
        "loss": 1.9877521576591954,
        "cen_accuracy": 0.5131,
        "num_clients": 2,
        "accumulated_clients": 105
    },
    "25": {
        "loss": 1.959046873802575,
        "cen_accuracy": 0.5296,
        "num_clients": 2,
        "accumulated_clients": 107
    },
    "26": {
        "loss": 1.8050426230453456,
        "cen_accuracy": 0.5953,
        "num_clients": 4,
        "accumulated_clients": 111
    },
    "27": {
        "loss": 0.9264150975039973,
        "cen_accuracy": 0.6597,
        "num_clients": 2,
        "accumulated_clients": 113
    },
    "28": {
        "loss": 0.7226725821963514,
        "cen_accuracy": 0.6919,
        "num_clients": 4,
        "accumulated_clients": 117
    },
    "29": {
        "loss": 0.7438811686473151,
        "cen_accuracy": 0.7265,
        "num_clients": 2,
        "accumulated_clients": 119
    },
    "30": {
        "loss": 0.7681582187311337,
        "cen_accuracy": 0.7158,
        "num_clients": 2,
        "accumulated_clients": 121
    },
    "31": {
        "loss": 1.001832464822946,
        "cen_accuracy": 0.6614,
        "num_clients": 2,
        "accumulated_clients": 123
    },
    "32": {
        "loss": 0.9646469692643077,
        "cen_accuracy": 0.7043,
        "num_clients": 2,
        "accumulated_clients": 125
    },
    "33": {
        "loss": 0.7760372536060528,
        "cen_accuracy": 0.7397,
        "num_clients": 4,
        "accumulated_clients": 129
    },
    "34": {
        "loss": 0.744263909685726,
        "cen_accuracy": 0.7491,
        "num_clients": 8,
        "accumulated_clients": 137
    },
    "35": {
        "loss": 0.669194438539374,
        "cen_accuracy": 0.763,
        "num_clients": 4,
        "accumulated_clients": 141
    },
    "36": {
        "loss": 0.7498078604285329,
        "cen_accuracy": 0.6978,
        "num_clients": 8,
        "accumulated_clients": 149
    },
    "37": {
        "loss": 0.6593522896020176,
        "cen_accuracy": 0.7204,
        "num_clients": 4,
        "accumulated_clients": 153
    },
    "38": {
        "loss": 0.5829757371078284,
        "cen_accuracy": 0.7735,
        "num_clients": 8,
        "accumulated_clients": 161
    },
    "39": {
        "loss": 0.5619435491272435,
        "cen_accuracy": 0.7821,
        "num_clients": 16,
        "accumulated_clients": 177
    },
    "40": {
        "loss": 0.5262392697909388,
        "cen_accuracy": 0.7963,
        "num_clients": 32,
        "accumulated_clients": 209
    },
    "41": {
        "loss": 0.5376588403226469,
        "cen_accuracy": 0.7997,
        "num_clients": 16,
        "accumulated_clients": 225
    },
    "42": {
        "loss": 0.5379121003630823,
        "cen_accuracy": 0.7869,
        "num_clients": 32,
        "accumulated_clients": 257
    },
    "43": {
        "loss": 0.5514288084765974,
        "cen_accuracy": 0.7817,
        "num_clients": 16,
        "accumulated_clients": 273
    },
    "44": {
        "loss": 0.508575434549548,
        "cen_accuracy": 0.793,
        "num_clients": 32,
        "accumulated_clients": 305
    },
    "45": {
        "loss": 0.5122404650282174,
        "cen_accuracy": 0.8074,
        "num_clients": 16,
        "accumulated_clients": 321
    },
    "46": {
        "loss": 0.5451378525731663,
        "cen_accuracy": 0.785,
        "num_clients": 8,
        "accumulated_clients": 329
    },
    "47": {
        "loss": 0.5229596828405088,
        "cen_accuracy": 0.8017,
        "num_clients": 16,
        "accumulated_clients": 345
    },
    "48": {
        "loss": 0.5261959739196034,
        "cen_accuracy": 0.8033,
        "num_clients": 8,
        "accumulated_clients": 353
    },
    "49": {
        "loss": 0.5113622491923384,
        "cen_accuracy": 0.7894,
        "num_clients": 16,
        "accumulated_clients": 369
    },
    "50": {
        "loss": 0.4757931321954575,
        "cen_accuracy": 0.826,
        "num_clients": 32,
        "accumulated_clients": 401
    },
    "51": {
        "loss": 0.4933110346047642,
        "cen_accuracy": 0.8049,
        "num_clients": 16,
        "accumulated_clients": 417
    },
    "52": {
        "loss": 0.5461431485109817,
        "cen_accuracy": 0.7865,
        "num_clients": 8,
        "accumulated_clients": 425
    },
    "53": {
        "loss": 0.5198939037494386,
        "cen_accuracy": 0.8084,
        "num_clients": 16,
        "accumulated_clients": 441
    },
    "54": {
        "loss": 0.48534634490363515,
        "cen_accuracy": 0.818,
        "num_clients": 8,