{
    "0": {
        "loss": 2.3040815824136947,
        "cen_accuracy": 0.1012
    },
    "1": {
        "loss": 2.149458436920239,
        "cen_accuracy": 0.3243,
        "num_clients": 11,
        "accumulated_clients": 11
    },
    "2": {
        "loss": 1.6282573389930848,
        "cen_accuracy": 0.5212,
        "num_clients": 11,
        "accumulated_clients": 22
    },
    "3": {
        "loss": 1.3561790553144752,
        "cen_accuracy": 0.5812,
        "num_clients": 10,
        "accumulated_clients": 32
    },
    "4": {
        "loss": 1.0188396639717272,
        "cen_accuracy": 0.6471,
        "num_clients": 10,
        "accumulated_clients": 42
    },
    "5": {
        "loss": 1.040777985089884,
        "cen_accuracy": 0.6543,
        "num_clients": 10,
        "accumulated_clients": 52
    },
    "6": {
        "loss": 0.8934685401261424,
        "cen_accuracy": 0.6825,
        "num_clients": 9,
        "accumulated_clients": 61
    },
    "7": {
        "loss": 0.9413002691329858,
        "cen_accuracy": 0.6165,
        "num_clients": 9,
        "accumulated_clients": 70
    },
    "8": {
        "loss": 0.9580581296747104,
        "cen_accuracy": 0.614,
        "num_clients": 9,
        "accumulated_clients": 79
    },
    "9": {
        "loss": 0.7794202640414619,
        "cen_accuracy": 0.6832,
        "num_clients": 9,
        "accumulated_clients": 88
    },
    "10": {
        "loss": 0.8000167366414787,
        "cen_accuracy": 0.7155,
        "num_clients": 10,
        "accumulated_clients": 98
    },
    "11": {
        "loss": 0.6966929864197874,
        "cen_accuracy": 0.7323,
        "num_clients": 10,
        "accumulated_clients": 108
    },
    "12": {
        "loss": 0.7072810957226129,
        "cen_accuracy": 0.7449,
        "num_clients": 10,
        "accumulated_clients": 118
    },
    "13": {
        "loss": 0.7174697049890464,
        "cen_accuracy": 0.7005,
        "num_clients": 10,
        "accumulated_clients": 128
    },
    "14": {
        "loss": 0.6387602716398696,
        "cen_accuracy": 0.7566,
        "num_clients": 11,
        "accumulated_clients": 139
    },
    "15": {
        "loss": 0.7609244387942,
        "cen_accuracy": 0.7098,
        "num_clients": 11,
        "accumulated_clients": 150
    },
    "16": {
        "loss": 0.6451989795072391,
        "cen_accuracy": 0.7332,
        "num_clients": 11,
        "accumulated_clients": 161
    },
    "17": {
        "loss": 0.6511257168964837,
        "cen_accuracy": 0.7111,
        "num_clients": 11,
        "accumulated_clients": 172
    },
    "18": {
        "loss": 0.6084196688458562,
        "cen_accuracy": 0.7563,
        "num_clients": 12,
        "accumulated_clients": 184
    },
    "19": {
        "loss": 0.6034321576452103,
        "cen_accuracy": 0.742,
        "num_clients": 12,
        "accumulated_clients": 196
    },
    "20": {
        "loss": 0.6496656633223208,
        "cen_accuracy": 0.6958,
        "num_clients": 13,
        "accumulated_clients": 209
    },
    "21": {
        "loss": 0.724650860213624,
        "cen_accuracy": 0.6888,
        "num_clients": 13,
        "accumulated_clients": 222
    },
    "22": {
        "loss": 0.6005590984615655,
        "cen_accuracy": 0.7436,
        "num_clients": 14,
        "accumulated_clients": 236
    },
    "23": {
        "loss": 0.5898298409800179,
        "cen_accuracy": 0.7504,
        "num_clients": 14,
        "accumulated_clients": 250
    },
    "24": {
        "loss": 0.6264050267755795,
        "cen_accuracy": 0.7343,
        "num_clients": 13,
        "accumulated_clients": 263
    },
    "25": {
        "loss": 0.6103095948315276,
        "cen_accuracy": 0.7648,
        "num_clients": 13,
        "accumulated_clients": 276
    },
    "26": {
        "loss": 0.5790514161411565,
        "cen_accuracy": 0.7974,
        "num_clients": 12,
        "accumulated_clients": 288
    },
    "27": {
        "loss": 0.6789227220387505,
        "cen_accuracy": 0.6997,
        "num_clients": 12,
        "accumulated_clients": 300
    },
    "28": {
        "loss": 0.6392680305642442,
        "cen_accuracy": 0.7306,
        "num_clients": 12,
        "accumulated_clients": 312
    },
    "29": {
        "loss": 0.5497867538334843,
        "cen_accuracy": 0.7946,
        "num_clients": 14,
        "accumulated_clients": 326
    },
    "30": {
        "loss": 0.54187783770287,
        "cen_accuracy": 0.7719,
        "num_clients": 14,
        "accumulated_clients": 340
    },
    "31": {
        "loss": 0.5317992489463605,
        "cen_accuracy": 0.8004,
        "num_clients": 16,
        "accumulated_clients": 356
    },
    "32": {
        "loss": 0.6009899561587995,
        "cen_accuracy": 0.7484,
        "num_clients": 16,
        "accumulated_clients": 372
    },
    "33": {
        "loss": 0.5233499983819528,
        "cen_accuracy": 0.8018,
        "num_clients": 19,
        "accumulated_clients": 391
    },
    "34": {
        "loss": 0.5163422252613896,
        "cen_accuracy": 0.8173,
        "num_clients": 19,
        "accumulated_clients": 410
    },
    "35": {
        "loss": 0.5409812279783499,
        "cen_accuracy": 0.7835,
        "num_clients": 18,
        "accumulated_clients": 428
    },
    "36": {
        "loss": 0.49190044245971276,
        "cen_accuracy": 0.8127,
        "num_clients": 18,
        "accumulated_clients": 446
    },
    "37": {
        "loss": 0.48391338397329225,
        "cen_accuracy": 0.8122,
        "num_clients": 18,
        "accumulated_clients": 464
    },
    "38": {
        "loss": 0.5002488070212233,
        "cen_accuracy": 0.8172,
        "num_clients": 17,
        "accumulated_clients": 481
    },
    "39": {
        "loss": 0.4820944026541024,
        "cen_accuracy": 0.834,
        "num_clients": 17,
        "accumulated_clients": 498
    },
    "40": {
        "loss": 0.5048158616779711,
        "cen_accuracy": 0.7993,
        "num_clients": 17,
        "accumulated_clients": 515
    },
    "41": {
        "loss": 0.49169995376286796,
        "cen_accuracy": 0.823,
        "num_clients": 17,
        "accumulated_clients": 532
    },
    "42": {
        "loss": 0.467783588428086,
        "cen_accuracy": 0.8228,
        "num_clients": 18,
        "accumulated_clients": 550
    },
    "43": {
        "loss": 0.49686221626048654,
        "cen_accuracy": 0.8107,
        "num_clients": 18,
        "accumulated_clients": 568
    },
    "44": {
        "loss": 0.49667601411144574,
        "cen_accuracy": 0.8103,
        "num_clients": 18,
        "accumulated_clients": 586
    },
    "45": {
        "loss": 0.5231105453385332,
        "cen_accuracy": 0.8025,
        "num_clients": 18,
        "accumulated_clients": 604
    },
    "46": {
        "loss": 0.45195920522601457,
        "cen_accuracy": 0.8523,
        "num_clients": 19,
        "accumulated_clients": 623
    },
    "47": {
        "loss": 0.4690275113708295,
        "cen_accuracy": 0.8364,
        "num_clients": 19,
        "accumulated_clients": 642
    },
    "48": {
        "loss": 0.47419925210194086,
        "cen_accuracy": 0.8201,
        "num_clients": 19,
        "accumulated_clients": 661
    },
    "49": {
        "loss": 0.4621671714816992,
        "cen_accuracy": 0.8317,
        "num_clients": 19,
        "accumulated_clients": 680
    },
    "50": {
        "loss": 0.44868756126100645,
        "cen_accuracy": 0.8476,
        "num_clients": 20,
        "accumulated_clients": 700
    },
    "51": {
        "loss": 0.4503268210318523,
        "cen_accuracy": 0.8493,
        "num_clients": 20,
        "accumulated_clients": 720
    },
    "52": {
        "loss": 0.5136325809235771,
        "cen_accuracy": 0.8031,
        "num_clients": 20,
        "accumulated_clients": 740
    },
    "53": {
        "loss": 0.4795324239201439,
        "cen_accuracy": 0.8189,
        "num_clients": 20,
        "accumulated_clients": 760
    },