{
    "0": {
        "loss": 2.3059696838878594,
        "cen_accuracy": 0.0718
    },
    "1": {
        "loss": 1.552020289646551,
        "cen_accuracy": 0.4726,
        "num_clients": 10,
        "accumulated_clients": 10
    },
    "2": {
        "loss": 0.8638303918769946,
        "cen_accuracy": 0.6769,
        "num_clients": 10,
        "accumulated_clients": 20
    },
    "3": {
        "loss": 0.692277331321765,
        "cen_accuracy": 0.7483,
        "num_clients": 5,
        "accumulated_clients": 25
    },
    "4": {
        "loss": 0.6659622500879696,
        "cen_accuracy": 0.7449,
        "num_clients": 2,
        "accumulated_clients": 27
    },
    "5": {
        "loss": 0.6017165163073677,
        "cen_accuracy": 0.7633,
        "num_clients": 4,
        "accumulated_clients": 31
    },
    "6": {
        "loss": 0.5827696269122176,
        "cen_accuracy": 0.7729,
        "num_clients": 8,
        "accumulated_clients": 39
    },
    "7": {
        "loss": 0.5666710683903374,
        "cen_accuracy": 0.7755,
        "num_clients": 4,
        "accumulated_clients": 43
    },
    "8": {
        "loss": 0.5547638041333268,
        "cen_accuracy": 0.7807,
        "num_clients": 8,
        "accumulated_clients": 51
    },
    "9": {
        "loss": 0.5701752808242561,
        "cen_accuracy": 0.78,
        "num_clients": 4,
        "accumulated_clients": 55
    },
    "10": {
        "loss": 0.5322327284386363,
        "cen_accuracy": 0.7908,
        "num_clients": 8,
        "accumulated_clients": 63
    },
    "11": {
        "loss": 0.531858744236608,
        "cen_accuracy": 0.7972,
        "num_clients": 4,
        "accumulated_clients": 67
    },
    "12": {
        "loss": 0.5433570766410889,
        "cen_accuracy": 0.8049,
        "num_clients": 2,
        "accumulated_clients": 69
    },
    "13": {
        "loss": 0.6095566974280361,
        "cen_accuracy": 0.7814,
        "num_clients": 2,
        "accumulated_clients": 71
    },
    "14": {
        "loss": 0.5217270411241549,
        "cen_accuracy": 0.8034,
        "num_clients": 4,
        "accumulated_clients": 75
    },
    "15": {
        "loss": 0.5314944543349095,
        "cen_accuracy": 0.8081,
        "num_clients": 2,
        "accumulated_clients": 77
    },
    "16": {
        "loss": 0.564741673132482,
        "cen_accuracy": 0.8041,
        "num_clients": 2,
        "accumulated_clients": 79
    },
    "17": {
        "loss": 0.5177705932063417,
        "cen_accuracy": 0.8142,
        "num_clients": 4,
        "accumulated_clients": 83
    },
    "18": {
        "loss": 0.5362388551139984,
        "cen_accuracy": 0.8086,
        "num_clients": 2,
        "accumulated_clients": 85
    },
    "19": {
        "loss": 0.5633352045148325,
        "cen_accuracy": 0.8042,
        "num_clients": 2,
        "accumulated_clients": 87
    },
    "20": {
        "loss": 0.5491285010362966,
        "cen_accuracy": 0.7999,
        "num_clients": 2,
        "accumulated_clients": 89
    },
    "21": {
        "loss": 0.5165512912903731,
        "cen_accuracy": 0.8148,
        "num_clients": 4,
        "accumulated_clients": 93
    },
    "22": {
        "loss": 0.492184815505823,
        "cen_accuracy": 0.8237,
        "num_clients": 8,
        "accumulated_clients": 101
    },
    "23": {
        "loss": 0.48385632723665084,
        "cen_accuracy": 0.832,
        "num_clients": 4,
        "accumulated_clients": 105
    },
    "24": {
        "loss": 0.5040723454361906,
        "cen_accuracy": 0.8273,
        "num_clients": 2,
        "accumulated_clients": 107
    },
    "25": {
        "loss": 0.5182969891510832,
        "cen_accuracy": 0.8187,
        "num_clients": 2,
        "accumulated_clients": 109
    },
    "26": {
        "loss": 0.519985313994435,
        "cen_accuracy": 0.817,
        "num_clients": 4,
        "accumulated_clients": 113
    },
    "27": {
        "loss": 0.5105967431213148,
        "cen_accuracy": 0.8238,
        "num_clients": 2,
        "accumulated_clients": 115
    },
    "28": {
        "loss": 0.5406711693055714,
        "cen_accuracy": 0.824,
        "num_clients": 4,
        "accumulated_clients": 119
    },
    "29": {
        "loss": 0.47924057777506857,
        "cen_accuracy": 0.8339,
        "num_clients": 8,
        "accumulated_clients": 127
    },
    "30": {
        "loss": 0.4894283239643414,
        "cen_accuracy": 0.8314,
        "num_clients": 4,
        "accumulated_clients": 131
    },
    "31": {
        "loss": 0.47703778617583903,
        "cen_accuracy": 0.8339,
        "num_clients": 8,
        "accumulated_clients": 139
    },
    "32": {
        "loss": 0.4776909796717449,
        "cen_accuracy": 0.8383,
        "num_clients": 4,
        "accumulated_clients": 143
    },
    "33": {
        "loss": 0.5129901417099629,
        "cen_accuracy": 0.8181,
        "num_clients": 2,
        "accumulated_clients": 145
    },
    "34": {
        "loss": 0.5491920167836137,
        "cen_accuracy": 0.809,
        "num_clients": 2,
        "accumulated_clients": 147
    },
    "35": {
        "loss": 0.5320367480095584,
        "cen_accuracy": 0.833,
        "num_clients": 2,
        "accumulated_clients": 149
    },
    "36": {
        "loss": 0.4773850573804051,
        "cen_accuracy": 0.8355,
        "num_clients": 4,
        "accumulated_clients": 153
    },
    "37": {
        "loss": 0.48687048046924053,
        "cen_accuracy": 0.8368,
        "num_clients": 8,
        "accumulated_clients": 161
    },
    "38": {
        "loss": 0.49136048169753044,
        "cen_accuracy": 0.8347,
        "num_clients": 4,
        "accumulated_clients": 165
    },
    "39": {
        "loss": 0.5399583282466894,
        "cen_accuracy": 0.8246,
        "num_clients": 2,
        "accumulated_clients": 167
    },
    "40": {
        "loss": 0.464308104504602,
        "cen_accuracy": 0.8444,
        "num_clients": 4,
        "accumulated_clients": 171
    },
    "41": {
        "loss": 0.4686562084256651,
        "cen_accuracy": 0.8467,
        "num_clients": 8,
        "accumulated_clients": 179
    },
    "42": {
        "loss": 0.4683898704739424,
        "cen_accuracy": 0.8475,
        "num_clients": 4,
        "accumulated_clients": 183
    },
    "43": {
        "loss": 0.45663265157907534,
        "cen_accuracy": 0.8447,
        "num_clients": 2,
        "accumulated_clients": 185
    },
    "44": {
        "loss": 0.49078196312149114,
        "cen_accuracy": 0.845,
        "num_clients": 4,
        "accumulated_clients": 189
    },
    "45": {
        "loss": 0.46740303837215175,
        "cen_accuracy": 0.8483,
        "num_clients": 8,
        "accumulated_clients": 197
    },
    "46": {
        "loss": 0.4693144214824556,
        "cen_accuracy": 0.848,
        "num_clients": 4,
        "accumulated_clients": 201
    },
    "47": {
        "loss": 0.5284937285481931,
        "cen_accuracy": 0.8326,
        "num_clients": 2,
        "accumulated_clients": 203
    },
    "48": {
        "loss": 0.49525208418932964,
        "cen_accuracy": 0.8451,
        "num_clients": 4,
        "accumulated_clients": 207
    },
    "49": {
        "loss": 0.5411409045846317,
        "cen_accuracy": 0.8418,
        "num_clients": 2,
        "accumulated_clients": 209
    },
    "50": {
        "loss": 0.4940462215735128,
        "cen_accuracy": 0.8407,
        "num_clients": 4,
        "accumulated_clients": 213
    },
    "51": {
        "loss": 0.48991311417696193,
        "cen_accuracy": 0.8431,
        "num_clients": 2,
        "accumulated_clients": 215
    },
    "52": {
        "loss": 0.5123761229859755,
        "cen_accuracy": 0.8397,
        "num_clients": 4,
        "accumulated_clients": 219
    },
    "53": {
        "loss": 0.467572192105051,
        "cen_accuracy": 0.8503,
        "num_clients": 8,
        "accumulated_clients": 227
    },
    "54": {
        "loss": 0.4826259660525634,
        "cen_accuracy": 0.8495,