{
    "0": {
        "loss": 2.3059696838878594,
        "cen_accuracy": 0.0718
    },
    "1": {
        "loss": 1.5241283429697299,
        "cen_accuracy": 0.4909,
        "num_clients": 5,
        "accumulated_clients": 5
    },
    "2": {
        "loss": 0.8925440835114866,
        "cen_accuracy": 0.6833,
        "num_clients": 5,
        "accumulated_clients": 10
    },
    "3": {
        "loss": 0.7214174834303201,
        "cen_accuracy": 0.7397,
        "num_clients": 2,
        "accumulated_clients": 12
    },
    "4": {
        "loss": 0.676948220585101,
        "cen_accuracy": 0.744,
        "num_clients": 2,
        "accumulated_clients": 14
    },
    "5": {
        "loss": 0.6419463693714751,
        "cen_accuracy": 0.7377,
        "num_clients": 4,
        "accumulated_clients": 18
    },
    "6": {
        "loss": 0.656598141970345,
        "cen_accuracy": 0.7552,
        "num_clients": 2,
        "accumulated_clients": 20
    },
    "7": {
        "loss": 0.6112882945769892,
        "cen_accuracy": 0.7684,
        "num_clients": 4,
        "accumulated_clients": 24
    },
    "8": {
        "loss": 0.566897566135699,
        "cen_accuracy": 0.7856,
        "num_clients": 2,
        "accumulated_clients": 26
    },
    "9": {
        "loss": 0.5710573863868896,
        "cen_accuracy": 0.7828,
        "num_clients": 4,
        "accumulated_clients": 30
    },
    "10": {
        "loss": 0.5887736479123942,
        "cen_accuracy": 0.7861,
        "num_clients": 2,
        "accumulated_clients": 32
    },
    "11": {
        "loss": 0.5510857216180703,
        "cen_accuracy": 0.7894,
        "num_clients": 4,
        "accumulated_clients": 36
    },
    "12": {
        "loss": 0.5294421093818098,
        "cen_accuracy": 0.789,
        "num_clients": 8,
        "accumulated_clients": 44
    },
    "13": {
        "loss": 0.5284989059161835,
        "cen_accuracy": 0.8011,
        "num_clients": 4,
        "accumulated_clients": 48
    },
    "14": {
        "loss": 0.5293787775900417,
        "cen_accuracy": 0.7996,
        "num_clients": 2,
        "accumulated_clients": 50
    },
    "15": {
        "loss": 0.5456665158509827,
        "cen_accuracy": 0.7966,
        "num_clients": 2,
        "accumulated_clients": 52
    },
    "16": {
        "loss": 0.5532410959847057,
        "cen_accuracy": 0.8007,
        "num_clients": 4,
        "accumulated_clients": 56
    },
    "17": {
        "loss": 0.5261668560984797,
        "cen_accuracy": 0.8043,
        "num_clients": 2,
        "accumulated_clients": 58
    },
    "18": {
        "loss": 0.5558685662266546,
        "cen_accuracy": 0.7938,
        "num_clients": 2,
        "accumulated_clients": 60
    },
    "19": {
        "loss": 0.6327580004549636,
        "cen_accuracy": 0.7874,
        "num_clients": 2,
        "accumulated_clients": 62
    },
    "20": {
        "loss": 0.5333292447863677,
        "cen_accuracy": 0.8169,
        "num_clients": 4,
        "accumulated_clients": 66
    },
    "21": {
        "loss": 0.4861312178424753,
        "cen_accuracy": 0.8225,
        "num_clients": 8,
        "accumulated_clients": 74
    },
    "22": {
        "loss": 0.5394499564704042,
        "cen_accuracy": 0.8115,
        "num_clients": 4,
        "accumulated_clients": 78
    },
    "23": {
        "loss": 0.5111132898745826,
        "cen_accuracy": 0.8215,
        "num_clients": 2,
        "accumulated_clients": 80
    },
    "24": {
        "loss": 0.5525370959323436,
        "cen_accuracy": 0.8042,
        "num_clients": 2,
        "accumulated_clients": 82
    },
    "25": {
        "loss": 0.513520677820943,
        "cen_accuracy": 0.8169,
        "num_clients": 4,
        "accumulated_clients": 86
    },
    "26": {
        "loss": 0.5476709797073858,
        "cen_accuracy": 0.8118,
        "num_clients": 2,
        "accumulated_clients": 88
    },
    "27": {
        "loss": 0.5069057495592121,
        "cen_accuracy": 0.8262,
        "num_clients": 4,
        "accumulated_clients": 92
    },
    "28": {
        "loss": 0.5005606136525782,
        "cen_accuracy": 0.8275,
        "num_clients": 2,
        "accumulated_clients": 94
    },
    "29": {
        "loss": 0.5232214327818289,
        "cen_accuracy": 0.8195,
        "num_clients": 2,
        "accumulated_clients": 96
    },
    "30": {
        "loss": 0.5128678111984326,
        "cen_accuracy": 0.8279,
        "num_clients": 4,
        "accumulated_clients": 100
    },
    "31": {
        "loss": 0.48948187373887997,
        "cen_accuracy": 0.8328,
        "num_clients": 8,
        "accumulated_clients": 108
    },
    "32": {
        "loss": 0.4827421307325744,
        "cen_accuracy": 0.8304,
        "num_clients": 4,
        "accumulated_clients": 112
    },
    "33": {
        "loss": 0.4663958591632188,
        "cen_accuracy": 0.8384,
        "num_clients": 8,
        "accumulated_clients": 120
    },
    "34": {
        "loss": 0.4692074755272165,
        "cen_accuracy": 0.8409,
        "num_clients": 4,
        "accumulated_clients": 124
    },
    "35": {
        "loss": 0.4638950090153149,
        "cen_accuracy": 0.8429,
        "num_clients": 8,
        "accumulated_clients": 132
    },
    "36": {
        "loss": 0.49514255445367233,
        "cen_accuracy": 0.8393,
        "num_clients": 4,
        "accumulated_clients": 136
    },
    "37": {
        "loss": 0.46766355035070795,
        "cen_accuracy": 0.8425,
        "num_clients": 8,
        "accumulated_clients": 144
    },
    "38": {
        "loss": 0.4547464517882457,
        "cen_accuracy": 0.8453,
        "num_clients": 16,
        "accumulated_clients": 160
    },
    "39": {
        "loss": 0.45779264501679817,
        "cen_accuracy": 0.8441,
        "num_clients": 8,
        "accumulated_clients": 168
    },
    "40": {
        "loss": 0.46139476295953363,
        "cen_accuracy": 0.8446,
        "num_clients": 4,
        "accumulated_clients": 172
    },
    "41": {
        "loss": 0.45652441378123465,
        "cen_accuracy": 0.8467,
        "num_clients": 8,
        "accumulated_clients": 180
    },
    "42": {
        "loss": 0.4586514670151872,
        "cen_accuracy": 0.841,
        "num_clients": 4,
        "accumulated_clients": 184
    },
    "43": {
        "loss": 0.49798750915466405,
        "cen_accuracy": 0.8405,
        "num_clients": 2,
        "accumulated_clients": 186
    },
    "44": {
        "loss": 0.4512715586148702,
        "cen_accuracy": 0.8481,
        "num_clients": 4,
        "accumulated_clients": 190
    },
    "45": {
        "loss": 0.4615086749219856,
        "cen_accuracy": 0.8475,
        "num_clients": 8,
        "accumulated_clients": 198
    },
    "46": {
        "loss": 0.47320639120694546,
        "cen_accuracy": 0.845,
        "num_clients": 4,
        "accumulated_clients": 202
    },
    "47": {
        "loss": 0.45789842943128306,
        "cen_accuracy": 0.8471,
        "num_clients": 8,
        "accumulated_clients": 210
    },
    "48": {
        "loss": 0.457714331333344,
        "cen_accuracy": 0.8489,
        "num_clients": 4,
        "accumulated_clients": 214
    },
    "49": {
        "loss": 0.4643346490189671,
        "cen_accuracy": 0.8533,
        "num_clients": 8,
        "accumulated_clients": 222
    },
    "50": {
        "loss": 0.4508610352302512,
        "cen_accuracy": 0.8537,
        "num_clients": 16,
        "accumulated_clients": 238
    },
    "51": {
        "loss": 0.44396537564956723,
        "cen_accuracy": 0.8569,
        "num_clients": 32,
        "accumulated_clients": 270
    },
    "52": {
        "loss": 0.43525451926377634,
        "cen_accuracy": 0.8559,
        "num_clients": 16,
        "accumulated_clients": 286
    },
    "53": {
        "loss": 0.4568766736136839,
        "cen_accuracy": 0.8546,
        "num_clients": 8,
        "accumulated_clients": 294
    },
    "54": {
        "loss": 0.4406293017533831,
        "cen_accuracy": 0.8579,