{
    "0": {
        "loss": 2.303573555839709,
        "cen_accuracy": 0.1
    },
    "1": {
        "loss": 1.7171236387076088,
        "cen_accuracy": 0.4972,
        "num_clients": 5,
        "accumulated_clients": 5
    },
    "2": {
        "loss": 1.1779188399497693,
        "cen_accuracy": 0.5944,
        "num_clients": 5,
        "accumulated_clients": 10
    },
    "3": {
        "loss": 0.7283986569783939,
        "cen_accuracy": 0.7265,
        "num_clients": 2,
        "accumulated_clients": 12
    },
    "4": {
        "loss": 0.6798864697305539,
        "cen_accuracy": 0.7445,
        "num_clients": 2,
        "accumulated_clients": 14
    },
    "5": {
        "loss": 0.6142849177598192,
        "cen_accuracy": 0.7643,
        "num_clients": 4,
        "accumulated_clients": 18
    },
    "6": {
        "loss": 0.6211105510354423,
        "cen_accuracy": 0.7572,
        "num_clients": 2,
        "accumulated_clients": 20
    },
    "7": {
        "loss": 0.5948411216274999,
        "cen_accuracy": 0.7731,
        "num_clients": 2,
        "accumulated_clients": 22
    },
    "8": {
        "loss": 0.5768842013975302,
        "cen_accuracy": 0.7808,
        "num_clients": 4,
        "accumulated_clients": 26
    },
    "9": {
        "loss": 0.5743611879622974,
        "cen_accuracy": 0.7769,
        "num_clients": 2,
        "accumulated_clients": 28
    },
    "10": {
        "loss": 0.5680737952454783,
        "cen_accuracy": 0.784,
        "num_clients": 2,
        "accumulated_clients": 30
    },
    "11": {
        "loss": 0.5457255549419421,
        "cen_accuracy": 0.7938,
        "num_clients": 2,
        "accumulated_clients": 32
    },
    "12": {
        "loss": 0.545224318917567,
        "cen_accuracy": 0.7978,
        "num_clients": 4,
        "accumulated_clients": 36
    },
    "13": {
        "loss": 0.5409892522774565,
        "cen_accuracy": 0.8022,
        "num_clients": 8,
        "accumulated_clients": 44
    },
    "14": {
        "loss": 0.5151973922317401,
        "cen_accuracy": 0.8055,
        "num_clients": 4,
        "accumulated_clients": 48
    },
    "15": {
        "loss": 0.5158536636505645,
        "cen_accuracy": 0.8105,
        "num_clients": 8,
        "accumulated_clients": 56
    },
    "16": {
        "loss": 0.5076338439322889,
        "cen_accuracy": 0.81,
        "num_clients": 4,
        "accumulated_clients": 60
    },
    "17": {
        "loss": 0.4988383008553959,
        "cen_accuracy": 0.8201,
        "num_clients": 8,
        "accumulated_clients": 68
    },
    "18": {
        "loss": 0.5131191558445605,
        "cen_accuracy": 0.8174,
        "num_clients": 4,
        "accumulated_clients": 72
    },
    "19": {
        "loss": 0.5095922482280305,
        "cen_accuracy": 0.8206,
        "num_clients": 8,
        "accumulated_clients": 80
    },
    "20": {
        "loss": 0.47818186919624434,
        "cen_accuracy": 0.8303,
        "num_clients": 16,
        "accumulated_clients": 96
    },
    "21": {
        "loss": 0.4864420839629996,
        "cen_accuracy": 0.8258,
        "num_clients": 8,
        "accumulated_clients": 104
    },
    "22": {
        "loss": 0.4666594085744776,
        "cen_accuracy": 0.8333,
        "num_clients": 16,
        "accumulated_clients": 120
    },
    "23": {
        "loss": 0.4612301194106047,
        "cen_accuracy": 0.8347,
        "num_clients": 32,
        "accumulated_clients": 152
    },
    "24": {
        "loss": 0.4592416774683867,
        "cen_accuracy": 0.8389,
        "num_clients": 16,
        "accumulated_clients": 168
    },
    "25": {
        "loss": 0.46478541983297456,
        "cen_accuracy": 0.8404,
        "num_clients": 32,
        "accumulated_clients": 200
    },
    "26": {
        "loss": 0.464620678164898,
        "cen_accuracy": 0.841,
        "num_clients": 16,
        "accumulated_clients": 216
    },
    "27": {
        "loss": 0.47044138215220394,
        "cen_accuracy": 0.8385,
        "num_clients": 8,
        "accumulated_clients": 224
    },
    "28": {
        "loss": 0.4539687524969205,
        "cen_accuracy": 0.845,
        "num_clients": 16,
        "accumulated_clients": 240
    },
    "29": {
        "loss": 0.46091567924894844,
        "cen_accuracy": 0.8471,
        "num_clients": 8,
        "accumulated_clients": 248
    },
    "30": {
        "loss": 0.4545223392760411,
        "cen_accuracy": 0.8482,
        "num_clients": 4,
        "accumulated_clients": 252
    },
    "31": {
        "loss": 0.454955575327142,
        "cen_accuracy": 0.8451,
        "num_clients": 8,
        "accumulated_clients": 260
    },
    "32": {
        "loss": 0.4929424833756285,
        "cen_accuracy": 0.8441,
        "num_clients": 4,
        "accumulated_clients": 264
    },
    "33": {
        "loss": 0.46455278609412165,
        "cen_accuracy": 0.8434,
        "num_clients": 8,
        "accumulated_clients": 272
    },
    "34": {
        "loss": 0.4548925705039844,
        "cen_accuracy": 0.8488,
        "num_clients": 16,
        "accumulated_clients": 288
    },
    "35": {
        "loss": 0.4626590169418734,
        "cen_accuracy": 0.8437,
        "num_clients": 8,
        "accumulated_clients": 296
    },
    "36": {
        "loss": 0.5290527366125546,
        "cen_accuracy": 0.8334,
        "num_clients": 4,
        "accumulated_clients": 300
    },
    "37": {
        "loss": 0.49806569388118416,
        "cen_accuracy": 0.8286,
        "num_clients": 2,
        "accumulated_clients": 302
    },
    "38": {
        "loss": 0.47707920371533963,
        "cen_accuracy": 0.8435,
        "num_clients": 4,
        "accumulated_clients": 306
    },
    "39": {
        "loss": 0.4539601332939471,
        "cen_accuracy": 0.8473,
        "num_clients": 8,
        "accumulated_clients": 314
    },
    "40": {
        "loss": 0.4775928908976884,
        "cen_accuracy": 0.846,
        "num_clients": 4,
        "accumulated_clients": 318
    },
    "41": {
        "loss": 0.5371170609046857,
        "cen_accuracy": 0.8343,
        "num_clients": 2,
        "accumulated_clients": 320
    },
    "42": {
        "loss": 0.4806774031049527,
        "cen_accuracy": 0.8397,
        "num_clients": 2,
        "accumulated_clients": 322
    },
    "43": {
        "loss": 0.4862480266168476,
        "cen_accuracy": 0.8502,
        "num_clients": 4,
        "accumulated_clients": 326
    },
    "44": {
        "loss": 0.4700709413082455,
        "cen_accuracy": 0.8523,
        "num_clients": 8,
        "accumulated_clients": 334
    },
    "45": {
        "loss": 0.47568882266267803,
        "cen_accuracy": 0.8463,
        "num_clients": 4,
        "accumulated_clients": 338
    },
    "46": {
        "loss": 0.4744566099617047,
        "cen_accuracy": 0.8501,
        "num_clients": 8,
        "accumulated_clients": 346
    },
    "47": {
        "loss": 0.4327159399708239,
        "cen_accuracy": 0.8564,
        "num_clients": 16,
        "accumulated_clients": 362
    },
    "48": {
        "loss": 0.4508799096456351,
        "cen_accuracy": 0.8542,
        "num_clients": 8,
        "accumulated_clients": 370
    },
    "49": {
        "loss": 0.48663141159489515,
        "cen_accuracy": 0.8483,
        "num_clients": 4,
        "accumulated_clients": 374
    },
    "50": {
        "loss": 0.455551591710732,
        "cen_accuracy": 0.8567,
        "num_clients": 8,
        "accumulated_clients": 382
    },
    "51": {
        "loss": 0.4492647225102678,
        "cen_accuracy": 0.8565,
        "num_clients": 16,
        "accumulated_clients": 398
    },
    "52": {
        "loss": 0.45677961675694195,
        "cen_accuracy": 0.8562,
        "num_clients": 8,
        "accumulated_clients": 406
    },
    "53": {
        "loss": 0.46563942778034334,
        "cen_accuracy": 0.8511,
        "num_clients": 4,
        "accumulated_clients": 410
    },
    "54": {
        "loss": 0.4777259359154077,
        "cen_accuracy": 0.8499,