{
    "0": {
        "loss": 2.303573555839709,
        "cen_accuracy": 0.1
    },
    "1": {
        "loss": 1.7533020645665665,
        "cen_accuracy": 0.6162,
        "num_clients": 5,
        "accumulated_clients": 5
    },
    "2": {
        "loss": 0.9171028385718409,
        "cen_accuracy": 0.6792,
        "num_clients": 5,
        "accumulated_clients": 10
    },
    "3": {
        "loss": 0.7016789437102052,
        "cen_accuracy": 0.7397,
        "num_clients": 5,
        "accumulated_clients": 15
    },
    "4": {
        "loss": 0.6541756009712768,
        "cen_accuracy": 0.7525,
        "num_clients": 5,
        "accumulated_clients": 20
    },
    "5": {
        "loss": 0.5987512274100758,
        "cen_accuracy": 0.7661,
        "num_clients": 5,
        "accumulated_clients": 25
    },
    "6": {
        "loss": 0.5971343441607472,
        "cen_accuracy": 0.7681,
        "num_clients": 5,
        "accumulated_clients": 30
    },
    "7": {
        "loss": 0.5799674306052942,
        "cen_accuracy": 0.7675,
        "num_clients": 5,
        "accumulated_clients": 35
    },
    "8": {
        "loss": 0.5709142367394207,
        "cen_accuracy": 0.7768,
        "num_clients": 5,
        "accumulated_clients": 40
    },
    "9": {
        "loss": 0.560780541965375,
        "cen_accuracy": 0.7814,
        "num_clients": 5,
        "accumulated_clients": 45
    },
    "10": {
        "loss": 0.5382372597916819,
        "cen_accuracy": 0.7911,
        "num_clients": 5,
        "accumulated_clients": 50
    },
    "11": {
        "loss": 0.5446683813969548,
        "cen_accuracy": 0.789,
        "num_clients": 5,
        "accumulated_clients": 55
    },
    "12": {
        "loss": 0.5392981423451878,
        "cen_accuracy": 0.7994,
        "num_clients": 5,
        "accumulated_clients": 60
    },
    "13": {
        "loss": 0.5331426418532198,
        "cen_accuracy": 0.8021,
        "num_clients": 5,
        "accumulated_clients": 65
    },
    "14": {
        "loss": 0.520937394886352,
        "cen_accuracy": 0.8061,
        "num_clients": 5,
        "accumulated_clients": 70
    },
    "15": {
        "loss": 0.5251772927876097,
        "cen_accuracy": 0.804,
        "num_clients": 5,
        "accumulated_clients": 75
    },
    "16": {
        "loss": 0.5295838112838733,
        "cen_accuracy": 0.8084,
        "num_clients": 5,
        "accumulated_clients": 80
    },
    "17": {
        "loss": 0.49801811756798253,
        "cen_accuracy": 0.8168,
        "num_clients": 5,
        "accumulated_clients": 85
    },
    "18": {
        "loss": 0.5054130889832402,
        "cen_accuracy": 0.8163,
        "num_clients": 5,
        "accumulated_clients": 90
    },
    "19": {
        "loss": 0.4905220014980426,
        "cen_accuracy": 0.8206,
        "num_clients": 5,
        "accumulated_clients": 95
    },
    "20": {
        "loss": 0.5158556600491079,
        "cen_accuracy": 0.8238,
        "num_clients": 5,
        "accumulated_clients": 100
    },
    "21": {
        "loss": 0.49067758918760684,
        "cen_accuracy": 0.8293,
        "num_clients": 5,
        "accumulated_clients": 105
    },
    "22": {
        "loss": 0.4829389904967893,
        "cen_accuracy": 0.8305,
        "num_clients": 5,
        "accumulated_clients": 110
    },
    "23": {
        "loss": 0.4833584607075959,
        "cen_accuracy": 0.82,
        "num_clients": 5,
        "accumulated_clients": 115
    },
    "24": {
        "loss": 0.47967833449570135,
        "cen_accuracy": 0.8307,
        "num_clients": 5,
        "accumulated_clients": 120
    },
    "25": {
        "loss": 0.46398604285126677,
        "cen_accuracy": 0.8373,
        "num_clients": 5,
        "accumulated_clients": 125
    },
    "26": {
        "loss": 0.4890652726205012,
        "cen_accuracy": 0.8348,
        "num_clients": 5,
        "accumulated_clients": 130
    },
    "27": {
        "loss": 0.47659379229568444,
        "cen_accuracy": 0.834,
        "num_clients": 5,
        "accumulated_clients": 135
    },
    "28": {
        "loss": 0.4851432695104101,
        "cen_accuracy": 0.831,
        "num_clients": 5,
        "accumulated_clients": 140
    },
    "29": {
        "loss": 0.48216822667243764,
        "cen_accuracy": 0.8374,
        "num_clients": 5,
        "accumulated_clients": 145
    },
    "30": {
        "loss": 0.49248350245027117,
        "cen_accuracy": 0.8288,
        "num_clients": 5,
        "accumulated_clients": 150
    },
    "31": {
        "loss": 0.49226069045714294,
        "cen_accuracy": 0.8379,
        "num_clients": 5,
        "accumulated_clients": 155
    },
    "32": {
        "loss": 0.46445362291301784,
        "cen_accuracy": 0.8419,
        "num_clients": 5,
        "accumulated_clients": 160
    },
    "33": {
        "loss": 0.4563921690701296,
        "cen_accuracy": 0.8408,
        "num_clients": 5,
        "accumulated_clients": 165
    },
    "34": {
        "loss": 0.46383121302619146,
        "cen_accuracy": 0.8437,
        "num_clients": 5,
        "accumulated_clients": 170
    },
    "35": {
        "loss": 0.4678333813723284,
        "cen_accuracy": 0.8425,
        "num_clients": 5,
        "accumulated_clients": 175
    },
    "36": {
        "loss": 0.470686709180998,
        "cen_accuracy": 0.8429,
        "num_clients": 5,
        "accumulated_clients": 180
    },
    "37": {
        "loss": 0.47826685106601957,
        "cen_accuracy": 0.8396,
        "num_clients": 5,
        "accumulated_clients": 185
    },
    "38": {
        "loss": 0.47270730718637044,
        "cen_accuracy": 0.8456,
        "num_clients": 5,
        "accumulated_clients": 190
    },
    "39": {
        "loss": 0.4711162278208489,
        "cen_accuracy": 0.8505,
        "num_clients": 5,
        "accumulated_clients": 195
    },
    "40": {
        "loss": 0.4809989841125263,
        "cen_accuracy": 0.8426,
        "num_clients": 5,
        "accumulated_clients": 200
    },
    "41": {
        "loss": 0.4696179942820019,
        "cen_accuracy": 0.8516,
        "num_clients": 5,
        "accumulated_clients": 205
    },
    "42": {
        "loss": 0.46834865570687256,
        "cen_accuracy": 0.8477,
        "num_clients": 5,
        "accumulated_clients": 210
    },
    "43": {
        "loss": 0.45496684060500453,
        "cen_accuracy": 0.8506,
        "num_clients": 5,
        "accumulated_clients": 215
    },
    "44": {
        "loss": 0.47557349781544445,
        "cen_accuracy": 0.8509,
        "num_clients": 5,
        "accumulated_clients": 220
    },
    "45": {
        "loss": 0.48101173629299904,
        "cen_accuracy": 0.8477,
        "num_clients": 5,
        "accumulated_clients": 225
    },
    "46": {
        "loss": 0.45535506730595715,
        "cen_accuracy": 0.8496,
        "num_clients": 5,
        "accumulated_clients": 230
    },
    "47": {
        "loss": 0.4890670995837964,
        "cen_accuracy": 0.8496,
        "num_clients": 5,
        "accumulated_clients": 235
    },
    "48": {
        "loss": 0.4648058443737868,
        "cen_accuracy": 0.855,
        "num_clients": 5,
        "accumulated_clients": 240
    },
    "49": {
        "loss": 0.48121181082801695,
        "cen_accuracy": 0.8503,
        "num_clients": 5,
        "accumulated_clients": 245
    },
    "50": {
        "loss": 0.4782853259350926,
        "cen_accuracy": 0.851,
        "num_clients": 5,
        "accumulated_clients": 250
    },
    "51": {
        "loss": 0.484637798521275,
        "cen_accuracy": 0.8524,
        "num_clients": 5,
        "accumulated_clients": 255
    },
    "52": {
        "loss": 0.48155015711776744,
        "cen_accuracy": 0.849,
        "num_clients": 5,
        "accumulated_clients": 260
    },
    "53": {
        "loss": 0.48147283884854364,
        "cen_accuracy": 0.8541,
        "num_clients": 5,
        "accumulated_clients": 265
    },
    "54": {
        "loss": 0.4774385644985845,
        "cen_accuracy": 0.8542,