{
    "0": {
        "loss": 2.3040815824136947,
        "cen_accuracy": 0.1012
    },
    "1": {
        "loss": 1.7704448463817755,
        "cen_accuracy": 0.5222,
        "num_clients": 10,
        "accumulated_clients": 10
    },
    "2": {
        "loss": 0.8857966398659606,
        "cen_accuracy": 0.6855,
        "num_clients": 10,
        "accumulated_clients": 20
    },
    "3": {
        "loss": 0.7248641463895195,
        "cen_accuracy": 0.7427,
        "num_clients": 5,
        "accumulated_clients": 25
    },
    "4": {
        "loss": 0.7002413533747006,
        "cen_accuracy": 0.7503,
        "num_clients": 2,
        "accumulated_clients": 27
    },
    "5": {
        "loss": 0.6470337435841179,
        "cen_accuracy": 0.7468,
        "num_clients": 4,
        "accumulated_clients": 31
    },
    "6": {
        "loss": 0.6594564664287689,
        "cen_accuracy": 0.7534,
        "num_clients": 2,
        "accumulated_clients": 33
    },
    "7": {
        "loss": 0.6310644793434265,
        "cen_accuracy": 0.7531,
        "num_clients": 2,
        "accumulated_clients": 35
    },
    "8": {
        "loss": 0.6068651373394001,
        "cen_accuracy": 0.7721,
        "num_clients": 2,
        "accumulated_clients": 37
    },
    "9": {
        "loss": 0.5845375963674185,
        "cen_accuracy": 0.7724,
        "num_clients": 4,
        "accumulated_clients": 41
    },
    "10": {
        "loss": 0.5552295619211258,
        "cen_accuracy": 0.7837,
        "num_clients": 2,
        "accumulated_clients": 43
    },
    "11": {
        "loss": 0.5948371682494593,
        "cen_accuracy": 0.7713,
        "num_clients": 4,
        "accumulated_clients": 47
    },
    "12": {
        "loss": 0.540931405350804,
        "cen_accuracy": 0.7898,
        "num_clients": 8,
        "accumulated_clients": 55
    },
    "13": {
        "loss": 0.5567034597214038,
        "cen_accuracy": 0.789,
        "num_clients": 4,
        "accumulated_clients": 59
    },
    "14": {
        "loss": 0.5959363293628723,
        "cen_accuracy": 0.7857,
        "num_clients": 2,
        "accumulated_clients": 61
    },
    "15": {
        "loss": 0.5772358228604253,
        "cen_accuracy": 0.7851,
        "num_clients": 2,
        "accumulated_clients": 63
    },
    "16": {
        "loss": 0.5587225882009196,
        "cen_accuracy": 0.7957,
        "num_clients": 4,
        "accumulated_clients": 67
    },
    "17": {
        "loss": 0.57126214138616,
        "cen_accuracy": 0.7845,
        "num_clients": 2,
        "accumulated_clients": 69
    },
    "18": {
        "loss": 0.5513674544450193,
        "cen_accuracy": 0.7962,
        "num_clients": 2,
        "accumulated_clients": 71
    },
    "19": {
        "loss": 0.6207992014603112,
        "cen_accuracy": 0.7796,
        "num_clients": 2,
        "accumulated_clients": 73
    },
    "20": {
        "loss": 0.5380385284320995,
        "cen_accuracy": 0.7999,
        "num_clients": 4,
        "accumulated_clients": 77
    },
    "21": {
        "loss": 0.5312647178721505,
        "cen_accuracy": 0.8051,
        "num_clients": 2,
        "accumulated_clients": 79
    },
    "22": {
        "loss": 0.5605587080454293,
        "cen_accuracy": 0.803,
        "num_clients": 2,
        "accumulated_clients": 81
    },
    "23": {
        "loss": 0.5949944393417705,
        "cen_accuracy": 0.7975,
        "num_clients": 2,
        "accumulated_clients": 83
    },
    "24": {
        "loss": 0.5277987501015678,
        "cen_accuracy": 0.8146,
        "num_clients": 4,
        "accumulated_clients": 87
    },
    "25": {
        "loss": 0.509640026778078,
        "cen_accuracy": 0.8174,
        "num_clients": 8,
        "accumulated_clients": 95
    },
    "26": {
        "loss": 0.5080188714182035,
        "cen_accuracy": 0.8203,
        "num_clients": 4,
        "accumulated_clients": 99
    },
    "27": {
        "loss": 0.5123462098094221,
        "cen_accuracy": 0.8202,
        "num_clients": 2,
        "accumulated_clients": 101
    },
    "28": {
        "loss": 0.56014528242163,
        "cen_accuracy": 0.8027,
        "num_clients": 2,
        "accumulated_clients": 103
    },
    "29": {
        "loss": 0.5047646213929874,
        "cen_accuracy": 0.8227,
        "num_clients": 4,
        "accumulated_clients": 107
    },
    "30": {
        "loss": 0.5316324441101604,
        "cen_accuracy": 0.8213,
        "num_clients": 2,
        "accumulated_clients": 109
    },
    "31": {
        "loss": 0.4942871411673177,
        "cen_accuracy": 0.8325,
        "num_clients": 4,
        "accumulated_clients": 113
    },
    "32": {
        "loss": 0.4783922156301169,
        "cen_accuracy": 0.8396,
        "num_clients": 8,
        "accumulated_clients": 121
    },
    "33": {
        "loss": 0.5052246576109634,
        "cen_accuracy": 0.8347,
        "num_clients": 4,
        "accumulated_clients": 125
    },
    "34": {
        "loss": 0.49688889986029067,
        "cen_accuracy": 0.8381,
        "num_clients": 8,
        "accumulated_clients": 133
    },
    "35": {
        "loss": 0.4715193971848716,
        "cen_accuracy": 0.8424,
        "num_clients": 16,
        "accumulated_clients": 149
    },
    "36": {
        "loss": 0.4814543314159107,
        "cen_accuracy": 0.8449,
        "num_clients": 8,
        "accumulated_clients": 157
    },
    "37": {
        "loss": 0.4624412048358125,
        "cen_accuracy": 0.8486,
        "num_clients": 16,
        "accumulated_clients": 173
    },
    "38": {
        "loss": 0.4578971076554384,
        "cen_accuracy": 0.8489,
        "num_clients": 8,
        "accumulated_clients": 181
    },
    "39": {
        "loss": 0.45543873381500427,
        "cen_accuracy": 0.85,
        "num_clients": 16,
        "accumulated_clients": 197
    },
    "40": {
        "loss": 0.47027630192308,
        "cen_accuracy": 0.8489,
        "num_clients": 8,
        "accumulated_clients": 205
    },
    "41": {
        "loss": 0.4551503713043353,
        "cen_accuracy": 0.8505,
        "num_clients": 16,
        "accumulated_clients": 221
    },
    "42": {
        "loss": 0.45474376622289897,
        "cen_accuracy": 0.8509,
        "num_clients": 8,
        "accumulated_clients": 229
    },
    "43": {
        "loss": 0.45800604209446677,
        "cen_accuracy": 0.8535,
        "num_clients": 16,
        "accumulated_clients": 245
    },
    "44": {
        "loss": 0.4522291489492971,
        "cen_accuracy": 0.8578,
        "num_clients": 32,
        "accumulated_clients": 277
    },
    "45": {
        "loss": 0.450727809161043,
        "cen_accuracy": 0.8574,
        "num_clients": 64,
        "accumulated_clients": 341
    },
    "46": {
        "loss": 0.44598464494029555,
        "cen_accuracy": 0.8593,
        "num_clients": 32,
        "accumulated_clients": 373
    },
    "47": {
        "loss": 0.4559364244579888,
        "cen_accuracy": 0.8575,
        "num_clients": 16,
        "accumulated_clients": 389
    },
    "48": {
        "loss": 0.4726350015630356,
        "cen_accuracy": 0.8527,
        "num_clients": 8,
        "accumulated_clients": 397
    },
    "49": {
        "loss": 0.4379379080412106,
        "cen_accuracy": 0.8623,
        "num_clients": 16,
        "accumulated_clients": 413
    },
    "50": {
        "loss": 0.4414837966426112,
        "cen_accuracy": 0.8576,
        "num_clients": 8,
        "accumulated_clients": 421
    },
    "51": {
        "loss": 0.4408945535985045,
        "cen_accuracy": 0.8595,
        "num_clients": 16,
        "accumulated_clients": 437
    },
    "52": {
        "loss": 0.45262289163879693,
        "cen_accuracy": 0.8584,
        "num_clients": 8,
        "accumulated_clients": 445
    },
    "53": {
        "loss": 0.46146370522892133,
        "cen_accuracy": 0.8563,
        "num_clients": 16,
        "accumulated_clients": 461
    },
    "54": {
        "loss": 0.4546749360216692,
        "cen_accuracy": 0.8621,