{
    "0": {
        "loss": 2.303573555839709,
        "cen_accuracy": 0.1
    },
    "1": {
        "loss": 1.8113775458960488,
        "cen_accuracy": 0.5219,
        "heterogeneity": 0.26135887886258147,
        "num_clients": 10,
        "accumulated_clients": 10
    },
    "2": {
        "loss": 0.930455241530848,
        "cen_accuracy": 0.6958,
        "heterogeneity": 0.20423898727713619,
        "num_clients": 10,
        "accumulated_clients": 20
    },
    "3": {
        "loss": 0.7058692745888195,
        "cen_accuracy": 0.7411,
        "heterogeneity": 0.06196420589434459,
        "num_clients": 9,
        "accumulated_clients": 29
    },
    "4": {
        "loss": 0.631750499097684,
        "cen_accuracy": 0.7541,
        "heterogeneity": 0.0617388362650928,
        "num_clients": 9,
        "accumulated_clients": 38
    },
    "5": {
        "loss": 0.6085448863978584,
        "cen_accuracy": 0.7648,
        "heterogeneity": 0.06013770721277112,
        "num_clients": 9,
        "accumulated_clients": 47
    },
    "6": {
        "loss": 0.5833222373320271,
        "cen_accuracy": 0.7733,
        "heterogeneity": 0.062485380877316254,
        "num_clients": 8,
        "accumulated_clients": 55
    },
    "7": {
        "loss": 0.5637841419385264,
        "cen_accuracy": 0.785,
        "heterogeneity": 0.05999058051811357,
        "num_clients": 8,
        "accumulated_clients": 63
    },
    "8": {
        "loss": 0.5594490286641227,
        "cen_accuracy": 0.7867,
        "heterogeneity": 0.05362034217892586,
        "num_clients": 8,
        "accumulated_clients": 71
    },
    "9": {
        "loss": 0.5445407701852604,
        "cen_accuracy": 0.7925,
        "heterogeneity": 0.05512986573081147,
        "num_clients": 8,
        "accumulated_clients": 79
    },
    "10": {
        "loss": 0.5443325495472351,
        "cen_accuracy": 0.7933,
        "heterogeneity": 0.053106881025760666,
        "num_clients": 7,
        "accumulated_clients": 86
    },
    "11": {
        "loss": 0.5247809664129068,
        "cen_accuracy": 0.8013,
        "heterogeneity": 0.052783976476672434,
        "num_clients": 7,
        "accumulated_clients": 93
    },
    "12": {
        "loss": 0.5288387118532254,
        "cen_accuracy": 0.803,
        "heterogeneity": 0.056505469642097905,
        "num_clients": 7,
        "accumulated_clients": 100
    },
    "13": {
        "loss": 0.5073620984539057,
        "cen_accuracy": 0.8077,
        "heterogeneity": 0.05522828382098255,
        "num_clients": 7,
        "accumulated_clients": 107
    },
    "14": {
        "loss": 0.5104078826860498,
        "cen_accuracy": 0.8128,
        "heterogeneity": 0.05452154024872413,
        "num_clients": 6,
        "accumulated_clients": 113
    },
    "15": {
        "loss": 0.4977048710226632,
        "cen_accuracy": 0.8147,
        "heterogeneity": 0.04976606942502715,
        "num_clients": 6,
        "accumulated_clients": 119
    },
    "16": {
        "loss": 0.4993739125494378,
        "cen_accuracy": 0.8203,
        "heterogeneity": 0.04908922457945941,
        "num_clients": 6,
        "accumulated_clients": 125
    },
    "17": {
        "loss": 0.4974494776643884,
        "cen_accuracy": 0.8247,
        "heterogeneity": 0.04936215347025741,
        "num_clients": 6,
        "accumulated_clients": 131
    },
    "18": {
        "loss": 0.48210673591199393,
        "cen_accuracy": 0.828,
        "heterogeneity": 0.047630795254115066,
        "num_clients": 5,
        "accumulated_clients": 136
    },
    "19": {
        "loss": 0.5007544474813123,
        "cen_accuracy": 0.8258,
        "heterogeneity": 0.05036209329691155,
        "num_clients": 5,
        "accumulated_clients": 141
    },
    "20": {
        "loss": 0.49398954591145533,
        "cen_accuracy": 0.8214,
        "heterogeneity": 0.04409959790858409,
        "num_clients": 5,
        "accumulated_clients": 146
    },
    "21": {
        "loss": 0.48589941921135105,
        "cen_accuracy": 0.8235,
        "heterogeneity": 0.04970603877770685,
        "num_clients": 5,
        "accumulated_clients": 151
    },
    "22": {
        "loss": 0.4763016468657853,
        "cen_accuracy": 0.8357,
        "heterogeneity": 0.04509790793672763,
        "num_clients": 6,
        "accumulated_clients": 157
    },
    "23": {
        "loss": 0.4639660107156339,
        "cen_accuracy": 0.8356,
        "heterogeneity": 0.04193692803993143,
        "num_clients": 6,
        "accumulated_clients": 163
    },
    "24": {
        "loss": 0.47080926261485195,
        "cen_accuracy": 0.8375,
        "heterogeneity": 0.0411002675667036,
        "num_clients": 6,
        "accumulated_clients": 169
    },
    "25": {
        "loss": 0.475056798146746,
        "cen_accuracy": 0.8392,
        "heterogeneity": 0.043443474506443036,
        "num_clients": 6,
        "accumulated_clients": 175
    },
    "26": {
        "loss": 0.47021800672379543,
        "cen_accuracy": 0.8364,
        "heterogeneity": 0.03815407255102843,
        "num_clients": 5,
        "accumulated_clients": 180
    },
    "27": {
        "loss": 0.47825244585641274,
        "cen_accuracy": 0.8394,
        "heterogeneity": 0.04111098924551049,
        "num_clients": 5,
        "accumulated_clients": 185
    },
    "28": {
        "loss": 0.4577776836558653,
        "cen_accuracy": 0.8407,
        "heterogeneity": 0.03829594053921748,
        "num_clients": 5,
        "accumulated_clients": 190
    },
    "29": {
        "loss": 0.45217286909635834,
        "cen_accuracy": 0.8447,
        "heterogeneity": 0.042070125746141995,
        "num_clients": 5,
        "accumulated_clients": 195
    },
    "30": {
        "loss": 0.4639788712032687,
        "cen_accuracy": 0.8417,
        "heterogeneity": 0.042770264254037405,
        "num_clients": 4,
        "accumulated_clients": 199
    },
    "31": {
        "loss": 0.4661328402785257,
        "cen_accuracy": 0.8417,
        "heterogeneity": 0.0356201966419355,
        "num_clients": 4,
        "accumulated_clients": 203
    },
    "32": {
        "loss": 0.4964580021965237,
        "cen_accuracy": 0.8383,
        "heterogeneity": 0.03445409314471082,
        "num_clients": 4,
        "accumulated_clients": 207
    },
    "33": {
        "loss": 0.4725553855633202,
        "cen_accuracy": 0.8401,
        "heterogeneity": 0.039172641328363844,
        "num_clients": 4,
        "accumulated_clients": 211
    },
    "34": {
        "loss": 0.4739163249207381,
        "cen_accuracy": 0.848,
        "heterogeneity": 0.0403422563193192,
        "num_clients": 5,
        "accumulated_clients": 216
    },
    "35": {
        "loss": 0.49520466667109025,
        "cen_accuracy": 0.8371,
        "heterogeneity": 0.037120514006607985,
        "num_clients": 5,
        "accumulated_clients": 221
    },
    "36": {
        "loss": 0.4572039049582931,
        "cen_accuracy": 0.8512,
        "heterogeneity": 0.03930767344071895,
        "num_clients": 5,
        "accumulated_clients": 226
    },
    "37": {
        "loss": 0.46168216425009045,
        "cen_accuracy": 0.8475,
        "heterogeneity": 0.03438258616923362,
        "num_clients": 5,
        "accumulated_clients": 231
    },
    "38": {
        "loss": 0.47318063136011645,
        "cen_accuracy": 0.8405,
        "heterogeneity": 0.03901196866924306,
        "num_clients": 4,
        "accumulated_clients": 235
    },
    "39": {
        "loss": 0.48606790700992836,
        "cen_accuracy": 0.8469,
        "heterogeneity": 0.03055869683603918,
        "num_clients": 4,
        "accumulated_clients": 239
    },
    "40": {
        "loss": 0.49794321100171,
        "cen_accuracy": 0.8462,
        "heterogeneity": 0.03555964334953232,
        "num_clients": 4,
        "accumulated_clients": 243
    },
    "41": {
        "loss": 0.4808348426803613,
        "cen_accuracy": 0.849,
        "heterogeneity": 0.03260564053723691,
        "num_clients": 4,