{
    "0": {
        "loss": 2.3042914120914837,
        "cen_accuracy": 0.1
    },
    "1": {
        "loss": 2.3034919831699456,
        "cen_accuracy": 0.1001
    },
    "2": {
        "loss": 2.3030010480850267,
        "cen_accuracy": 0.1
    },
    "3": {
        "loss": 2.270969824288219,
        "cen_accuracy": 0.1474
    },
    "4": {
        "loss": 2.1920401851970928,
        "cen_accuracy": 0.1432
    },
    "5": {
        "loss": 2.1017380050196053,
        "cen_accuracy": 0.1709
    },
    "6": {
        "loss": 2.0481216758965686,
        "cen_accuracy": 0.1793
    },
    "7": {
        "loss": 2.02322672274166,
        "cen_accuracy": 0.1963
    },
    "8": {
        "loss": 2.0002894325378224,
        "cen_accuracy": 0.2179
    },
    "9": {
        "loss": 1.9689120968309834,
        "cen_accuracy": 0.2302
    },
    "10": {
        "loss": 1.9492529680172856,
        "cen_accuracy": 0.2276
    },
    "11": {
        "loss": 1.936447727413604,
        "cen_accuracy": 0.2334
    },
    "12": {
        "loss": 1.9241213954675693,
        "cen_accuracy": 0.2446
    },
    "13": {
        "loss": 1.9109122452263634,
        "cen_accuracy": 0.2467
    },
    "14": {
        "loss": 1.9180324747920416,
        "cen_accuracy": 0.2321
    },
    "15": {
        "loss": 1.902770165818187,
        "cen_accuracy": 0.2255
    },
    "16": {
        "loss": 1.901751687351507,
        "cen_accuracy": 0.2354
    },
    "17": {
        "loss": 1.90571251197364,
        "cen_accuracy": 0.2393
    },
    "18": {
        "loss": 1.8985908804610134,
        "cen_accuracy": 0.2267
    },
    "19": {
        "loss": 1.907475982992032,
        "cen_accuracy": 0.227
    },
    "20": {
        "loss": 1.902205078746564,
        "cen_accuracy": 0.234
    },
    "21": {
        "loss": 1.8866796916285262,
        "cen_accuracy": 0.2494
    },
    "22": {
        "loss": 1.8881526850282955,
        "cen_accuracy": 0.2416
    },
    "23": {
        "loss": 1.8842499499884657,
        "cen_accuracy": 0.2501
    },
    "24": {
        "loss": 1.8739685589513078,
        "cen_accuracy": 0.2612
    },
    "25": {
        "loss": 1.8771505211108028,
        "cen_accuracy": 0.2517
    },
    "26": {
        "loss": 1.8610705731394954,
        "cen_accuracy": 0.2613
    },
    "27": {
        "loss": 1.8569846617908905,
        "cen_accuracy": 0.2724
    },
    "28": {
        "loss": 1.8497640321049065,
        "cen_accuracy": 0.2833
    },
    "29": {
        "loss": 1.84730404367843,
        "cen_accuracy": 0.289
    },
    "30": {
        "loss": 1.8480520789234782,
        "cen_accuracy": 0.2604
    },
    "31": {
        "loss": 1.7981447758385167,
        "cen_accuracy": 0.3102
    },
    "32": {
        "loss": 1.7832768409016033,
        "cen_accuracy": 0.3164
    },
    "33": {
        "loss": 1.8124008711915427,
        "cen_accuracy": 0.2691
    },
    "34": {
        "loss": 1.7959412762913078,
        "cen_accuracy": 0.3012
    },
    "35": {
        "loss": 1.7893984831941014,
        "cen_accuracy": 0.3239
    },
    "36": {
        "loss": 1.7785855028956843,
        "cen_accuracy": 0.3163
    },
    "37": {
        "loss": 1.7701390242805115,
        "cen_accuracy": 0.3254
    },
    "38": {
        "loss": 1.747877540298925,
        "cen_accuracy": 0.3093
    },
    "39": {
        "loss": 1.75523732569271,
        "cen_accuracy": 0.3323
    },
    "40": {
        "loss": 1.728250252172208,
        "cen_accuracy": 0.339
    },
    "41": {
        "loss": 1.7237302320072065,
        "cen_accuracy": 0.3519
    },
    "42": {
        "loss": 1.7353116711869407,
        "cen_accuracy": 0.3476
    },
    "43": {
        "loss": 1.7242243792683172,
        "cen_accuracy": 0.3433
    },
    "44": {
        "loss": 1.7337091197601904,
        "cen_accuracy": 0.3466
    },
    "45": {
        "loss": 1.681692359546503,
        "cen_accuracy": 0.3707
    },
    "46": {
        "loss": 1.723429201510006,
        "cen_accuracy": 0.3504
    },
    "47": {
        "loss": 1.6886359129469997,
        "cen_accuracy": 0.3586
    },
    "48": {
        "loss": 1.7594283887753472,
        "cen_accuracy": 0.3116
    },
    "49": {
        "loss": 1.6743735029293707,
        "cen_accuracy": 0.3623
    },
    "50": {
        "loss": 1.8142005144216764,
        "cen_accuracy": 0.3108
    },
    "51": {
        "loss": 1.794250253290414,
        "cen_accuracy": 0.3113
    },
    "52": {
        "loss": 1.843616168719892,
        "cen_accuracy": 0.3137
    },
    "53": {
        "loss": 1.8553553941531684,
        "cen_accuracy": 0.3219
    },
    "54": {
        "loss": 1.981063851914086,
        "cen_accuracy": 0.3014
    },
    "55": {
        "loss": 1.7697880092901164,
        "cen_accuracy": 0.3166
    },
    "56": {
        "loss": 1.9736458897209777,
        "cen_accuracy": 0.2806
    },
    "57": {
        "loss": 2.0178289497241426,
        "cen_accuracy": 0.3312
    },
    "58": {
        "loss": 1.719995453334845,
        "cen_accuracy": 0.3417
    },
    "59": {
        "loss": 1.744323853486643,
        "cen_accuracy": 0.3408
    },
    "60": {
        "loss": 1.9208011817627442,
        "cen_accuracy": 0.26
    },
    "61": {
        "loss": 2.013158118001188,
        "cen_accuracy": 0.2705
    },
    "62": {
        "loss": 1.9277579232145803,
        "cen_accuracy": 0.3035
    },
    "63": {
        "loss": 1.8574562701173485,
        "cen_accuracy": 0.2884
    },
    "64": {
        "loss": 1.7392698663492172,
        "cen_accuracy": 0.3257
    },
    "65": {
        "loss": 1.747481662625322,
        "cen_accuracy": 0.3358
    },
    "66": {
        "loss": 1.85573804911714,
        "cen_accuracy": 0.3089
    },
    "67": {
        "loss": 1.8348526417637785,
        "cen_accuracy": 0.3324
    },
    "68": {
        "loss": 1.8623747212437396,
        "cen_accuracy": 0.2985
    },
    "69": {
        "loss": 1.9591090389714836,
        "cen_accuracy": 0.271
    },
    "70": {
        "loss": 1.7634015460364736,
        "cen_accuracy": 0.3282
    },
    "71": {
        "loss": 1.8276623098994977,
        "cen_accuracy": 0.308
    },
    "72": {
        "loss": 1.9043884551563202,
        "cen_accuracy": 0.3049
    },
    "73": {
        "loss": 1.7662912969010325,
        "cen_accuracy": 0.3443
    },
    "74": {
        "loss": 2.0167848774419426,
        "cen_accuracy": 0.254
    },
    "75": {
        "loss": 1.8938026374902208,
        "cen_accuracy": 0.2884
    },
    "76": {
        "loss": 1.7871496163237208,
        "cen_accuracy": 0.3183
    },
    "77": {
        "loss": 1.943561441601275,
        "cen_accuracy": 0.2916
    },
    "78": {
        "loss": 1.7862752653158511,
        "cen_accuracy": 0.3325
    },
    "79": {
        "loss": 2.1182976252735615,
        "cen_accuracy": 0.2589
    },
    "80": {
        "loss": 1.8286843871156249,
        "cen_accuracy": 0.2805
    },
    "81": {
        "loss": 1.9196294957456497,
        "cen_accuracy": 0.2818
    },
    "82": {
        "loss": 1.7563484830978198,
        "cen_accuracy": 0.3189
    },
    "83": {
        "loss": 1.6920929499708426,
        "cen_accuracy": 0.3523
    },
    "84": {
        "loss": 2.0505745875568815,
        "cen_accuracy": 0.2958
    },
    "85": {
        "loss": 1.9568531901691668,
        "cen_accuracy": 0.2874
    },
    "86": {
        "loss": 1.8627169273150996,
        "cen_accuracy": 0.3423
    },
    "87": {
        "loss": 1.8763505399417573,
        "cen_accuracy": 0.3175
    },
    "88": {
        "loss": 1.7823066581933262,
        "cen_accuracy": 0.3187
    },
    "89": {
        "loss": 1.8789421609415413,
        "cen_accuracy": 0.3126
    },
    "90": {
        "loss": 1.76463482440851,
        "cen_accuracy": 0.3463
    },
    "91": {
        "loss": 1.8891495515744146,
        "cen_accuracy": 0.3089
    },
    "92": {
        "loss": 1.9367765976598088,
        "cen_accuracy": 0.3199
    },
    "93": {
        "loss": 1.979776537075591,