{
    "0": {
        "loss": 2.303573555839709,
        "cen_accuracy": 0.1
    },
    "1": {
        "loss": 1.8308595457016088,
        "cen_accuracy": 0.5298,
        "num_clients": 11,
        "accumulated_clients": 11
    },
    "2": {
        "loss": 0.9311503903172649,
        "cen_accuracy": 0.6562,
        "num_clients": 11,
        "accumulated_clients": 22
    },
    "3": {
        "loss": 0.7119394536025989,
        "cen_accuracy": 0.74,
        "num_clients": 10,
        "accumulated_clients": 32
    },
    "4": {
        "loss": 0.6449931059211207,
        "cen_accuracy": 0.7545,
        "num_clients": 10,
        "accumulated_clients": 42
    },
    "5": {
        "loss": 0.6106017312874048,
        "cen_accuracy": 0.7609,
        "num_clients": 10,
        "accumulated_clients": 52
    },
    "6": {
        "loss": 0.5759191267882673,
        "cen_accuracy": 0.7739,
        "num_clients": 9,
        "accumulated_clients": 61
    },
    "7": {
        "loss": 0.5574083975709665,
        "cen_accuracy": 0.7851,
        "num_clients": 9,
        "accumulated_clients": 70
    },
    "8": {
        "loss": 0.5627434702155689,
        "cen_accuracy": 0.7825,
        "num_clients": 9,
        "accumulated_clients": 79
    },
    "9": {
        "loss": 0.5408433038777056,
        "cen_accuracy": 0.792,
        "num_clients": 9,
        "accumulated_clients": 88
    },
    "10": {
        "loss": 0.5512077981671586,
        "cen_accuracy": 0.7924,
        "num_clients": 8,
        "accumulated_clients": 96
    },
    "11": {
        "loss": 0.5149790877922655,
        "cen_accuracy": 0.8067,
        "num_clients": 8,
        "accumulated_clients": 104
    },
    "12": {
        "loss": 0.5124770919450174,
        "cen_accuracy": 0.809,
        "num_clients": 8,
        "accumulated_clients": 112
    },
    "13": {
        "loss": 0.5134074070963996,
        "cen_accuracy": 0.8134,
        "num_clients": 8,
        "accumulated_clients": 120
    },
    "14": {
        "loss": 0.5054192868189309,
        "cen_accuracy": 0.8153,
        "num_clients": 7,
        "accumulated_clients": 127
    },
    "15": {
        "loss": 0.49301309788379427,
        "cen_accuracy": 0.8185,
        "num_clients": 7,
        "accumulated_clients": 134
    },
    "16": {
        "loss": 0.48826364337350614,
        "cen_accuracy": 0.8237,
        "num_clients": 7,
        "accumulated_clients": 141
    },
    "17": {
        "loss": 0.4938750566480259,
        "cen_accuracy": 0.8247,
        "num_clients": 7,
        "accumulated_clients": 148
    },
    "18": {
        "loss": 0.4735494584273606,
        "cen_accuracy": 0.8276,
        "num_clients": 6,
        "accumulated_clients": 154
    },
    "19": {
        "loss": 0.5202110882955618,
        "cen_accuracy": 0.8201,
        "num_clients": 6,
        "accumulated_clients": 160
    },
    "20": {
        "loss": 0.4905484989047431,
        "cen_accuracy": 0.824,
        "num_clients": 6,
        "accumulated_clients": 166
    },
    "21": {
        "loss": 0.49293724997355914,
        "cen_accuracy": 0.8263,
        "num_clients": 6,
        "accumulated_clients": 172
    },
    "22": {
        "loss": 0.4866660616506403,
        "cen_accuracy": 0.8319,
        "num_clients": 5,
        "accumulated_clients": 177
    },
    "23": {
        "loss": 0.4906180587153846,
        "cen_accuracy": 0.8252,
        "num_clients": 5,
        "accumulated_clients": 182
    },
    "24": {
        "loss": 0.46231924002162944,
        "cen_accuracy": 0.8359,
        "num_clients": 6,
        "accumulated_clients": 188
    },
    "25": {
        "loss": 0.4665570008916596,
        "cen_accuracy": 0.8381,
        "num_clients": 6,
        "accumulated_clients": 194
    },
    "26": {
        "loss": 0.4723895625136912,
        "cen_accuracy": 0.8399,
        "num_clients": 5,
        "accumulated_clients": 199
    },
    "27": {
        "loss": 0.45785426557920994,
        "cen_accuracy": 0.8358,
        "num_clients": 5,
        "accumulated_clients": 204
    },
    "28": {
        "loss": 0.46617131580274324,
        "cen_accuracy": 0.841,
        "num_clients": 6,
        "accumulated_clients": 210
    },
    "29": {
        "loss": 0.4674206272529337,
        "cen_accuracy": 0.84,
        "num_clients": 6,
        "accumulated_clients": 216
    },
    "30": {
        "loss": 0.467783087358688,
        "cen_accuracy": 0.8418,
        "num_clients": 7,
        "accumulated_clients": 223
    },
    "31": {
        "loss": 0.44556387720968776,
        "cen_accuracy": 0.8454,
        "num_clients": 7,
        "accumulated_clients": 230
    },
    "32": {
        "loss": 0.4587072570341083,
        "cen_accuracy": 0.8463,
        "num_clients": 6,
        "accumulated_clients": 236
    },
    "33": {
        "loss": 0.45714134587266575,
        "cen_accuracy": 0.8445,
        "num_clients": 6,
        "accumulated_clients": 242
    },
    "34": {
        "loss": 0.45896757990359877,
        "cen_accuracy": 0.8418,
        "num_clients": 7,
        "accumulated_clients": 249
    },
    "35": {
        "loss": 0.4714030415391008,
        "cen_accuracy": 0.8456,
        "num_clients": 7,
        "accumulated_clients": 256
    },
    "36": {
        "loss": 0.46825865658517846,
        "cen_accuracy": 0.8411,
        "num_clients": 6,
        "accumulated_clients": 262
    },
    "37": {
        "loss": 0.4687723851622865,
        "cen_accuracy": 0.8431,
        "num_clients": 6,
        "accumulated_clients": 268
    },
    "38": {
        "loss": 0.4485578028062662,
        "cen_accuracy": 0.847,
        "num_clients": 5,
        "accumulated_clients": 273
    },
    "39": {
        "loss": 0.45837893327489826,
        "cen_accuracy": 0.8493,
        "num_clients": 5,
        "accumulated_clients": 278
    },
    "40": {
        "loss": 0.47402615976124146,
        "cen_accuracy": 0.8462,
        "num_clients": 4,
        "accumulated_clients": 282
    },
    "41": {
        "loss": 0.46934548390511505,
        "cen_accuracy": 0.8517,
        "num_clients": 4,
        "accumulated_clients": 286
    },
    "42": {
        "loss": 0.4725374638462981,
        "cen_accuracy": 0.8458,
        "num_clients": 3,
        "accumulated_clients": 289
    },
    "43": {
        "loss": 0.4672219532842453,
        "cen_accuracy": 0.8493,
        "num_clients": 3,
        "accumulated_clients": 292
    },
    "44": {
        "loss": 0.4719434614760426,
        "cen_accuracy": 0.8409,
        "num_clients": 2,
        "accumulated_clients": 294
    },
    "45": {
        "loss": 0.5416679386608898,
        "cen_accuracy": 0.8317,
        "num_clients": 2,
        "accumulated_clients": 296
    },
    "46": {
        "loss": 0.47701015894691023,
        "cen_accuracy": 0.841,
        "num_clients": 3,
        "accumulated_clients": 299
    },
    "47": {
        "loss": 0.48250586470475976,
        "cen_accuracy": 0.8399,
        "num_clients": 3,
        "accumulated_clients": 302
    },
    "48": {
        "loss": 0.4867585467787596,
        "cen_accuracy": 0.8436,
        "num_clients": 4,
        "accumulated_clients": 306
    },
    "49": {
        "loss": 0.4677732463081043,
        "cen_accuracy": 0.848,
        "num_clients": 4,
        "accumulated_clients": 310
    },
    "50": {
        "loss": 0.47590301004937663,
        "cen_accuracy": 0.8451,
        "num_clients": 3,
        "accumulated_clients": 313
    },
    "51": {
        "loss": 0.4820010696118251,
        "cen_accuracy": 0.8438,
        "num_clients": 3,
        "accumulated_clients": 316
    },
    "52": {
        "loss": 0.46754925452863066,
        "cen_accuracy": 0.8496,
        "num_clients": 4,
        "accumulated_clients": 320
    },
    "53": {
        "loss": 0.4726348003973595,
        "cen_accuracy": 0.8499,
        "num_clients": 4,
        "accumulated_clients": 324
    },
    "54": {
        "loss": 0.5040612235522499,
        "cen_accuracy": 0.8479,