{
    "0": {
        "loss": 2.303573555839709,
        "cen_accuracy": 0.1
    },
    "1": {
        "loss": 2.099495755597806,
        "cen_accuracy": 0.2875,
        "num_clients": 6,
        "accumulated_clients": 6
    },
    "2": {
        "loss": 2.006917935209914,
        "cen_accuracy": 0.384,
        "num_clients": 6,
        "accumulated_clients": 12
    },
    "3": {
        "loss": 1.4138777703522873,
        "cen_accuracy": 0.4638,
        "num_clients": 5,
        "accumulated_clients": 17
    },
    "4": {
        "loss": 1.3501679632610406,
        "cen_accuracy": 0.4858,
        "num_clients": 5,
        "accumulated_clients": 22
    },
    "5": {
        "loss": 1.261894666920074,
        "cen_accuracy": 0.4479,
        "num_clients": 5,
        "accumulated_clients": 27
    },
    "6": {
        "loss": 1.0393651158284074,
        "cen_accuracy": 0.6182,
        "num_clients": 6,
        "accumulated_clients": 33
    },
    "7": {
        "loss": 0.9633699055677786,
        "cen_accuracy": 0.6582,
        "num_clients": 6,
        "accumulated_clients": 39
    },
    "8": {
        "loss": 1.2379135879845664,
        "cen_accuracy": 0.531,
        "num_clients": 6,
        "accumulated_clients": 45
    },
    "9": {
        "loss": 0.8622165021424095,
        "cen_accuracy": 0.6983,
        "num_clients": 9,
        "accumulated_clients": 54
    },
    "10": {
        "loss": 0.8444346560837742,
        "cen_accuracy": 0.6625,
        "num_clients": 9,
        "accumulated_clients": 63
    },
    "11": {
        "loss": 0.7825879244187388,
        "cen_accuracy": 0.6971,
        "num_clients": 12,
        "accumulated_clients": 75
    },
    "12": {
        "loss": 0.8782323737875722,
        "cen_accuracy": 0.6023,
        "num_clients": 12,
        "accumulated_clients": 87
    },
    "13": {
        "loss": 0.7173121392536468,
        "cen_accuracy": 0.7363,
        "num_clients": 18,
        "accumulated_clients": 105
    },
    "14": {
        "loss": 0.6543207519922775,
        "cen_accuracy": 0.7241,
        "num_clients": 18,
        "accumulated_clients": 123
    },
    "15": {
        "loss": 0.6467662023279233,
        "cen_accuracy": 0.7413,
        "num_clients": 19,
        "accumulated_clients": 142
    },
    "16": {
        "loss": 0.6120915912782041,
        "cen_accuracy": 0.7643,
        "num_clients": 19,
        "accumulated_clients": 161
    },
    "17": {
        "loss": 0.5735330808276947,
        "cen_accuracy": 0.773,
        "num_clients": 18,
        "accumulated_clients": 179
    },
    "18": {
        "loss": 0.5746367561360137,
        "cen_accuracy": 0.7786,
        "num_clients": 18,
        "accumulated_clients": 197
    },
    "19": {
        "loss": 0.5837577866098751,
        "cen_accuracy": 0.7659,
        "num_clients": 18,
        "accumulated_clients": 215
    },
    "20": {
        "loss": 0.5748523090022821,
        "cen_accuracy": 0.7801,
        "num_clients": 19,
        "accumulated_clients": 234
    },
    "21": {
        "loss": 0.5635229277725037,
        "cen_accuracy": 0.7986,
        "num_clients": 19,
        "accumulated_clients": 253
    },
    "22": {
        "loss": 0.5489812103418497,
        "cen_accuracy": 0.7948,
        "num_clients": 19,
        "accumulated_clients": 272
    },
    "23": {
        "loss": 0.5529026265818471,
        "cen_accuracy": 0.7886,
        "num_clients": 18,
        "accumulated_clients": 290
    },
    "24": {
        "loss": 0.5272003268471922,
        "cen_accuracy": 0.7979,
        "num_clients": 18,
        "accumulated_clients": 308
    },
    "25": {
        "loss": 0.5256464314727357,
        "cen_accuracy": 0.7938,
        "num_clients": 18,
        "accumulated_clients": 326
    },
    "26": {
        "loss": 0.5782698213863677,
        "cen_accuracy": 0.7477,
        "num_clients": 17,
        "accumulated_clients": 343
    },
    "27": {
        "loss": 0.4922355398202476,
        "cen_accuracy": 0.8213,
        "num_clients": 17,
        "accumulated_clients": 360
    },
    "28": {
        "loss": 0.5823965709144696,
        "cen_accuracy": 0.7519,
        "num_clients": 17,
        "accumulated_clients": 377
    },
    "29": {
        "loss": 0.5532306904038682,
        "cen_accuracy": 0.7863,
        "num_clients": 16,
        "accumulated_clients": 393
    },
    "30": {
        "loss": 0.4678898350880169,
        "cen_accuracy": 0.8241,
        "num_clients": 16,
        "accumulated_clients": 409
    },
    "31": {
        "loss": 0.5095215879214077,
        "cen_accuracy": 0.8079,
        "num_clients": 16,
        "accumulated_clients": 425
    },
    "32": {
        "loss": 0.48339571558629363,
        "cen_accuracy": 0.8221,
        "num_clients": 15,
        "accumulated_clients": 440
    },
    "33": {
        "loss": 0.5845377598517238,
        "cen_accuracy": 0.759,
        "num_clients": 15,
        "accumulated_clients": 455
    },
    "34": {
        "loss": 0.5150457635855141,
        "cen_accuracy": 0.802,
        "num_clients": 15,
        "accumulated_clients": 470
    },
    "35": {
        "loss": 0.5325331384191117,
        "cen_accuracy": 0.7848,
        "num_clients": 15,
        "accumulated_clients": 485
    },
    "36": {
        "loss": 0.49110866868838715,
        "cen_accuracy": 0.8214,
        "num_clients": 16,
        "accumulated_clients": 501
    },
    "37": {
        "loss": 0.4891148125782561,
        "cen_accuracy": 0.8104,
        "num_clients": 16,
        "accumulated_clients": 517
    },
    "38": {
        "loss": 0.5597367980800116,
        "cen_accuracy": 0.7739,
        "num_clients": 16,
        "accumulated_clients": 533
    },
    "39": {
        "loss": 0.506513731310162,
        "cen_accuracy": 0.8001,
        "num_clients": 16,
        "accumulated_clients": 549
    },
    "40": {
        "loss": 0.5404101795853137,
        "cen_accuracy": 0.7909,
        "num_clients": 17,
        "accumulated_clients": 566
    },
    "41": {
        "loss": 0.5235452371569106,
        "cen_accuracy": 0.8012,
        "num_clients": 17,
        "accumulated_clients": 583
    },
    "42": {
        "loss": 0.48164535573305794,
        "cen_accuracy": 0.8212,
        "num_clients": 16,
        "accumulated_clients": 599
    },
    "43": {
        "loss": 0.47088944933380183,
        "cen_accuracy": 0.8239,
        "num_clients": 16,
        "accumulated_clients": 615
    },
    "44": {
        "loss": 0.4414587085382245,
        "cen_accuracy": 0.835,
        "num_clients": 16,
        "accumulated_clients": 631
    },
    "45": {
        "loss": 0.4489841708026755,
        "cen_accuracy": 0.8379,
        "num_clients": 15,
        "accumulated_clients": 646
    },
    "46": {
        "loss": 0.46246461784496856,
        "cen_accuracy": 0.8316,
        "num_clients": 15,
        "accumulated_clients": 661
    },
    "47": {
        "loss": 0.4396160045704141,
        "cen_accuracy": 0.8355,
        "num_clients": 15,
        "accumulated_clients": 676
    },
    "48": {
        "loss": 0.48184891121265605,
        "cen_accuracy": 0.8243,
        "num_clients": 16,
        "accumulated_clients": 692
    },
    "49": {
        "loss": 0.48446269152453914,
        "cen_accuracy": 0.825,
        "num_clients": 16,
        "accumulated_clients": 708
    },
    "50": {
        "loss": 0.43513552496989316,
        "cen_accuracy": 0.8433,
        "num_clients": 16,
        "accumulated_clients": 724
    },
    "51": {
        "loss": 0.4587920257411064,
        "cen_accuracy": 0.8367,
        "num_clients": 15,
        "accumulated_clients": 739
    },
    "52": {
        "loss": 0.4659989633070775,
        "cen_accuracy": 0.8219,
        "num_clients": 15,
        "accumulated_clients": 754
    },
    "53": {
        "loss": 0.5045031492416852,
        "cen_accuracy": 0.8004,
        "num_clients": 15,
        "accumulated_clients": 769
    },
    "54": {
        "loss": 0.4574430514448367,