{
    "0": {
        "loss": 2.3081799498000466,
        "cen_accuracy": 0.1
    },
    "1": {
        "loss": 2.251463605192142,
        "cen_accuracy": 0.1986,
        "num_clients": 10,
        "accumulated_clients": 10
    },
    "2": {
        "loss": 1.313462968070667,
        "cen_accuracy": 0.5558,
        "num_clients": 10,
        "accumulated_clients": 20
    },
    "3": {
        "loss": 0.8691503332255367,
        "cen_accuracy": 0.6549,
        "num_clients": 10,
        "accumulated_clients": 30
    },
    "4": {
        "loss": 0.8379873559116936,
        "cen_accuracy": 0.6716,
        "num_clients": 10,
        "accumulated_clients": 40
    },
    "5": {
        "loss": 0.7317689912387738,
        "cen_accuracy": 0.7245,
        "num_clients": 9,
        "accumulated_clients": 49
    },
    "6": {
        "loss": 0.70474310623952,
        "cen_accuracy": 0.7341,
        "num_clients": 8,
        "accumulated_clients": 57
    },
    "7": {
        "loss": 0.6479420763806413,
        "cen_accuracy": 0.7472,
        "num_clients": 7,
        "accumulated_clients": 64
    },
    "8": {
        "loss": 0.7065098381842287,
        "cen_accuracy": 0.7302,
        "num_clients": 6,
        "accumulated_clients": 70
    },
    "9": {
        "loss": 0.6466228218314747,
        "cen_accuracy": 0.7537,
        "num_clients": 5,
        "accumulated_clients": 75
    },
    "10": {
        "loss": 0.6371485410978238,
        "cen_accuracy": 0.7518,
        "num_clients": 4,
        "accumulated_clients": 79
    },
    "11": {
        "loss": 0.737082942415731,
        "cen_accuracy": 0.7342,
        "num_clients": 3,
        "accumulated_clients": 82
    },
    "12": {
        "loss": 1.0601658930603308,
        "cen_accuracy": 0.589,
        "num_clients": 2,
        "accumulated_clients": 84
    },
    "13": {
        "loss": 0.8082135488240483,
        "cen_accuracy": 0.6992,
        "num_clients": 2,
        "accumulated_clients": 86
    },
    "14": {
        "loss": 0.7282650201274945,
        "cen_accuracy": 0.7319,
        "num_clients": 2,
        "accumulated_clients": 88
    },
    "15": {
        "loss": 0.7576346808729081,
        "cen_accuracy": 0.7068,
        "num_clients": 2,
        "accumulated_clients": 90
    },
    "16": {
        "loss": 0.6826316304861928,
        "cen_accuracy": 0.7619,
        "num_clients": 2,
        "accumulated_clients": 92
    },
    "17": {
        "loss": 0.7061315901553669,
        "cen_accuracy": 0.7272,
        "num_clients": 2,
        "accumulated_clients": 94
    },
    "18": {
        "loss": 0.8484557841342097,
        "cen_accuracy": 0.736,
        "num_clients": 2,
        "accumulated_clients": 96
    },
    "19": {
        "loss": 0.6846507611556556,
        "cen_accuracy": 0.7344,
        "num_clients": 2,
        "accumulated_clients": 98
    },
    "20": {
        "loss": 0.7831567821982569,
        "cen_accuracy": 0.7155,
        "num_clients": 2,
        "accumulated_clients": 100
    },
    "21": {
        "loss": 0.7281379869189887,
        "cen_accuracy": 0.725,
        "num_clients": 2,
        "accumulated_clients": 102
    },
    "22": {
        "loss": 0.6117943433907848,
        "cen_accuracy": 0.7696,
        "num_clients": 2,
        "accumulated_clients": 104
    },
    "23": {
        "loss": 0.6862994190603019,
        "cen_accuracy": 0.7545,
        "num_clients": 2,
        "accumulated_clients": 106
    },
    "24": {
        "loss": 0.5892925076781751,
        "cen_accuracy": 0.779,
        "num_clients": 2,
        "accumulated_clients": 108
    },
    "25": {
        "loss": 0.6926931972130419,
        "cen_accuracy": 0.7442,
        "num_clients": 2,
        "accumulated_clients": 110
    },
    "26": {
        "loss": 0.7059060373245337,
        "cen_accuracy": 0.7377,
        "num_clients": 2,
        "accumulated_clients": 112
    },
    "27": {
        "loss": 0.793104812931329,
        "cen_accuracy": 0.6793,
        "num_clients": 2,
        "accumulated_clients": 114
    },
    "28": {
        "loss": 0.6750667865474385,
        "cen_accuracy": 0.721,
        "num_clients": 2,
        "accumulated_clients": 116
    },
    "29": {
        "loss": 0.6718547114739403,
        "cen_accuracy": 0.7251,
        "num_clients": 2,
        "accumulated_clients": 118
    },
    "30": {
        "loss": 0.6047228382894406,
        "cen_accuracy": 0.78,
        "num_clients": 2,
        "accumulated_clients": 120
    },
    "31": {
        "loss": 0.6579908442002135,
        "cen_accuracy": 0.7371,
        "num_clients": 2,
        "accumulated_clients": 122
    },
    "32": {
        "loss": 0.6193196891119686,
        "cen_accuracy": 0.7818,
        "num_clients": 2,
        "accumulated_clients": 124
    },
    "33": {
        "loss": 0.7608935292155597,
        "cen_accuracy": 0.7273,
        "num_clients": 2,
        "accumulated_clients": 126
    },
    "34": {
        "loss": 0.7264493304890947,
        "cen_accuracy": 0.7265,
        "num_clients": 2,
        "accumulated_clients": 128
    },
    "35": {
        "loss": 0.5938865487663129,
        "cen_accuracy": 0.795,
        "num_clients": 2,
        "accumulated_clients": 130
    },
    "36": {
        "loss": 0.7004555315731432,
        "cen_accuracy": 0.7611,
        "num_clients": 2,
        "accumulated_clients": 132
    },
    "37": {
        "loss": 0.6373988175734925,
        "cen_accuracy": 0.7518,
        "num_clients": 2,
        "accumulated_clients": 134
    },
    "38": {
        "loss": 0.6828610653313585,
        "cen_accuracy": 0.7571,
        "num_clients": 2,
        "accumulated_clients": 136
    },
    "39": {
        "loss": 0.6795904577349703,
        "cen_accuracy": 0.7365,
        "num_clients": 2,
        "accumulated_clients": 138
    },
    "40": {
        "loss": 0.7385376243355175,
        "cen_accuracy": 0.7475,
        "num_clients": 2,
        "accumulated_clients": 140
    },
    "41": {
        "loss": 0.8511006258927976,
        "cen_accuracy": 0.6562,
        "num_clients": 2,
        "accumulated_clients": 142
    },
    "42": {
        "loss": 0.6203545426217892,
        "cen_accuracy": 0.7621,
        "num_clients": 2,
        "accumulated_clients": 144
    },
    "43": {
        "loss": 0.6747002560681048,
        "cen_accuracy": 0.7543,
        "num_clients": 2,
        "accumulated_clients": 146
    },
    "44": {
        "loss": 0.6847400673852561,
        "cen_accuracy": 0.7087,
        "num_clients": 2,
        "accumulated_clients": 148
    },
    "45": {
        "loss": 0.6151433762270041,
        "cen_accuracy": 0.7747,
        "num_clients": 2,
        "accumulated_clients": 150
    },
    "46": {
        "loss": 0.8638934900585454,
        "cen_accuracy": 0.739,
        "num_clients": 2,
        "accumulated_clients": 152
    },
    "47": {
        "loss": 0.6792345317407918,
        "cen_accuracy": 0.7537,
        "num_clients": 2,
        "accumulated_clients": 154
    },
    "48": {
        "loss": 0.737792721143165,
        "cen_accuracy": 0.74,
        "num_clients": 2,
        "accumulated_clients": 156
    },
    "49": {
        "loss": 0.7137930175176443,
        "cen_accuracy": 0.7157,
        "num_clients": 2,
        "accumulated_clients": 158
    },
    "50": {
        "loss": 0.6966837259908073,
        "cen_accuracy": 0.7282,
        "num_clients": 2,
        "accumulated_clients": 160
    }
}