{
    "0": {
        "loss": 2.303573555839709,
        "cen_accuracy": 0.1
    },
    "1": {
        "loss": 2.0480586953056505,
        "cen_accuracy": 0.27,
        "heterogeneity": 0.28337605910465746,
        "num_clients": 10,
        "accumulated_clients": 10
    },
    "2": {
        "loss": 1.659529927439583,
        "cen_accuracy": 0.4793,
        "heterogeneity": 0.3003311904202892,
        "num_clients": 10,
        "accumulated_clients": 20
    },
    "3": {
        "loss": 1.1770991366892196,
        "cen_accuracy": 0.6438,
        "heterogeneity": 0.12849683850646532,
        "num_clients": 9,
        "accumulated_clients": 29
    },
    "4": {
        "loss": 1.1710719928954736,
        "cen_accuracy": 0.5946,
        "heterogeneity": 0.22931786211782712,
        "num_clients": 9,
        "accumulated_clients": 38
    },
    "5": {
        "loss": 0.980235547684252,
        "cen_accuracy": 0.6424,
        "heterogeneity": 0.22972624981901935,
        "num_clients": 9,
        "accumulated_clients": 47
    },
    "6": {
        "loss": 0.8068853541494558,
        "cen_accuracy": 0.7025,
        "heterogeneity": 0.17047552921895204,
        "num_clients": 10,
        "accumulated_clients": 57
    },
    "7": {
        "loss": 0.7341856022421925,
        "cen_accuracy": 0.7384,
        "heterogeneity": 0.16980155406698938,
        "num_clients": 10,
        "accumulated_clients": 67
    },
    "8": {
        "loss": 0.8057598911535245,
        "cen_accuracy": 0.6578,
        "heterogeneity": 0.17277222564007988,
        "num_clients": 10,
        "accumulated_clients": 77
    },
    "9": {
        "loss": 0.7292132058653968,
        "cen_accuracy": 0.6891,
        "heterogeneity": 0.2069080601307669,
        "num_clients": 11,
        "accumulated_clients": 88
    },
    "10": {
        "loss": 0.705071060611798,
        "cen_accuracy": 0.7285,
        "heterogeneity": 0.19901824763528297,
        "num_clients": 11,
        "accumulated_clients": 99
    },
    "11": {
        "loss": 0.6998289825436407,
        "cen_accuracy": 0.7602,
        "heterogeneity": 0.16691433612254847,
        "num_clients": 10,
        "accumulated_clients": 109
    },
    "12": {
        "loss": 0.6800472036527749,
        "cen_accuracy": 0.7731,
        "heterogeneity": 0.2368669324132321,
        "num_clients": 10,
        "accumulated_clients": 119
    },
    "13": {
        "loss": 0.7856163787194335,
        "cen_accuracy": 0.6603,
        "heterogeneity": 0.1497896552904906,
        "num_clients": 10,
        "accumulated_clients": 129
    },
    "14": {
        "loss": 0.627164857836958,
        "cen_accuracy": 0.7773,
        "heterogeneity": 0.1850924492303999,
        "num_clients": 11,
        "accumulated_clients": 140
    },
    "15": {
        "loss": 0.6502055632420622,
        "cen_accuracy": 0.761,
        "heterogeneity": 0.16819019404386004,
        "num_clients": 11,
        "accumulated_clients": 151
    },
    "16": {
        "loss": 0.6783347006994315,
        "cen_accuracy": 0.693,
        "heterogeneity": 0.16794445949017278,
        "num_clients": 12,
        "accumulated_clients": 163
    },
    "17": {
        "loss": 0.6093858226229207,
        "cen_accuracy": 0.7702,
        "heterogeneity": 0.16210649059032411,
        "num_clients": 12,
        "accumulated_clients": 175
    },
    "18": {
        "loss": 0.6311272394162016,
        "cen_accuracy": 0.7679,
        "heterogeneity": 0.1630112436909643,
        "num_clients": 11,
        "accumulated_clients": 186
    },
    "19": {
        "loss": 0.6739233735079964,
        "cen_accuracy": 0.7301,
        "heterogeneity": 0.18218066279436995,
        "num_clients": 11,
        "accumulated_clients": 197
    },
    "20": {
        "loss": 0.7130928608937005,
        "cen_accuracy": 0.7449,
        "heterogeneity": 0.20631966634899446,
        "num_clients": 11,
        "accumulated_clients": 208
    },
    "21": {
        "loss": 0.7099274808225541,
        "cen_accuracy": 0.7025,
        "heterogeneity": 0.1787451001708108,
        "num_clients": 12,
        "accumulated_clients": 220
    },
    "22": {
        "loss": 0.5910308702875631,
        "cen_accuracy": 0.7806,
        "heterogeneity": 0.12477777281706248,
        "num_clients": 12,
        "accumulated_clients": 232
    },
    "23": {
        "loss": 0.6090526622705186,
        "cen_accuracy": 0.7704,
        "heterogeneity": 0.1483875101977994,
        "num_clients": 11,
        "accumulated_clients": 243
    },
    "24": {
        "loss": 0.6157383127048754,
        "cen_accuracy": 0.7672,
        "heterogeneity": 0.1527139158293126,
        "num_clients": 11,
        "accumulated_clients": 254
    },
    "25": {
        "loss": 0.5299017670245978,
        "cen_accuracy": 0.8098,
        "heterogeneity": 0.18785866165513443,
        "num_clients": 11,
        "accumulated_clients": 265
    },
    "26": {
        "loss": 0.5273307796103505,
        "cen_accuracy": 0.8006,
        "heterogeneity": 0.16477095351220294,
        "num_clients": 10,
        "accumulated_clients": 275
    },
    "27": {
        "loss": 0.5815349991995686,
        "cen_accuracy": 0.777,
        "heterogeneity": 0.1651871796813812,
        "num_clients": 10,
        "accumulated_clients": 285
    },
    "28": {
        "loss": 0.6394813429242887,
        "cen_accuracy": 0.7724,
        "heterogeneity": 0.1879255367896404,
        "num_clients": 10,
        "accumulated_clients": 295
    },
    "29": {
        "loss": 0.5717868393602462,
        "cen_accuracy": 0.7702,
        "heterogeneity": 0.18459805857767042,
        "num_clients": 10,
        "accumulated_clients": 305
    },
    "30": {
        "loss": 0.5141126310673004,
        "cen_accuracy": 0.8112,
        "heterogeneity": 0.11266862284205925,
        "num_clients": 11,
        "accumulated_clients": 316
    },
    "31": {
        "loss": 0.6004877561768784,
        "cen_accuracy": 0.7467,
        "heterogeneity": 0.18398288691273634,
        "num_clients": 11,
        "accumulated_clients": 327
    },
    "32": {
        "loss": 0.529368886027854,
        "cen_accuracy": 0.8083,
        "heterogeneity": 0.16586338509617604,
        "num_clients": 11,
        "accumulated_clients": 338
    },
    "33": {
        "loss": 0.5339256552175973,
        "cen_accuracy": 0.8026,
        "heterogeneity": 0.1719378449529324,
        "num_clients": 11,
        "accumulated_clients": 349
    },
    "34": {
        "loss": 0.5373863896813256,
        "cen_accuracy": 0.7911,
        "heterogeneity": 0.14907252685604733,
        "num_clients": 10,
        "accumulated_clients": 359
    },
    "35": {
        "loss": 0.4941267817260358,
        "cen_accuracy": 0.8212,
        "heterogeneity": 0.15393143197384185,
        "num_clients": 10,
        "accumulated_clients": 369
    },
    "36": {
        "loss": 0.5156006706884494,
        "cen_accuracy": 0.8027,
        "heterogeneity": 0.17476792892656257,
        "num_clients": 10,
        "accumulated_clients": 379
    },
    "37": {
        "loss": 0.5098621040201796,
        "cen_accuracy": 0.8114,
        "heterogeneity": 0.1345788021306944,
        "num_clients": 10,
        "accumulated_clients": 389
    },
    "38": {
        "loss": 0.7590311414327103,
        "cen_accuracy": 0.658,
        "heterogeneity": 0.18382661118243804,
        "num_clients": 9,
        "accumulated_clients": 398
    },
    "39": {
        "loss": 0.5882363016612995,
        "cen_accuracy": 0.7805,
        "heterogeneity": 0.1676377888920011,
        "num_clients": 9,
        "accumulated_clients": 407
    },
    "40": {
        "loss": 0.5568947886792235,
        "cen_accuracy": 0.8009,
        "heterogeneity": 0.21299429345396337,
        "num_clients": 9,
        "accumulated_clients": 416
    },
    "41": {
        "loss": 0.669767013944376,
        "cen_accuracy": 0.7134,
        "heterogeneity": 0.12301348808545043,
        "num_clients": 9,