{
    "0": {
        "loss": 2.3059696838878594,
        "cen_accuracy": 0.0718
    },
    "1": {
        "loss": 1.9492918351968638,
        "cen_accuracy": 0.3105,
        "num_clients": 10,
        "accumulated_clients": 10
    },
    "2": {
        "loss": 1.4680048920476019,
        "cen_accuracy": 0.4503,
        "num_clients": 10,
        "accumulated_clients": 20
    },
    "3": {
        "loss": 1.2792100432200935,
        "cen_accuracy": 0.5013,
        "num_clients": 10,
        "accumulated_clients": 30
    },
    "4": {
        "loss": 1.1314919507160734,
        "cen_accuracy": 0.6139,
        "num_clients": 10,
        "accumulated_clients": 40
    },
    "5": {
        "loss": 0.9848327469140196,
        "cen_accuracy": 0.669,
        "num_clients": 10,
        "accumulated_clients": 50
    },
    "6": {
        "loss": 0.9202641799046208,
        "cen_accuracy": 0.6451,
        "num_clients": 10,
        "accumulated_clients": 60
    },
    "7": {
        "loss": 1.0203584409750308,
        "cen_accuracy": 0.634,
        "num_clients": 10,
        "accumulated_clients": 70
    },
    "8": {
        "loss": 0.8404337286758727,
        "cen_accuracy": 0.7061,
        "num_clients": 10,
        "accumulated_clients": 80
    },
    "9": {
        "loss": 0.7959587299785675,
        "cen_accuracy": 0.6971,
        "num_clients": 10,
        "accumulated_clients": 90
    },
    "10": {
        "loss": 0.8646407433020802,
        "cen_accuracy": 0.6927,
        "num_clients": 10,
        "accumulated_clients": 100
    },
    "11": {
        "loss": 0.7067977806059317,
        "cen_accuracy": 0.7327,
        "num_clients": 10,
        "accumulated_clients": 110
    },
    "12": {
        "loss": 0.7608561473913467,
        "cen_accuracy": 0.6771,
        "num_clients": 10,
        "accumulated_clients": 120
    },
    "13": {
        "loss": 0.7776099905228844,
        "cen_accuracy": 0.666,
        "num_clients": 10,
        "accumulated_clients": 130
    },
    "14": {
        "loss": 0.7124846015875332,
        "cen_accuracy": 0.7289,
        "num_clients": 10,
        "accumulated_clients": 140
    },
    "15": {
        "loss": 0.6245879255735074,
        "cen_accuracy": 0.7731,
        "num_clients": 10,
        "accumulated_clients": 150
    },
    "16": {
        "loss": 0.7616841191300949,
        "cen_accuracy": 0.6903,
        "num_clients": 10,
        "accumulated_clients": 160
    },
    "17": {
        "loss": 0.7451246173237078,
        "cen_accuracy": 0.689,
        "num_clients": 10,
        "accumulated_clients": 170
    },
    "18": {
        "loss": 0.813857479979055,
        "cen_accuracy": 0.6019,
        "num_clients": 10,
        "accumulated_clients": 180
    },
    "19": {
        "loss": 0.6107769772267571,
        "cen_accuracy": 0.7259,
        "num_clients": 10,
        "accumulated_clients": 190
    },
    "20": {
        "loss": 0.6448015506846455,
        "cen_accuracy": 0.7146,
        "num_clients": 10,
        "accumulated_clients": 200
    },
    "21": {
        "loss": 0.585737658480105,
        "cen_accuracy": 0.7854,
        "num_clients": 10,
        "accumulated_clients": 210
    },
    "22": {
        "loss": 0.6152130800504654,
        "cen_accuracy": 0.7519,
        "num_clients": 10,
        "accumulated_clients": 220
    },
    "23": {
        "loss": 0.6637418781416103,
        "cen_accuracy": 0.7355,
        "num_clients": 10,
        "accumulated_clients": 230
    },
    "24": {
        "loss": 0.616541073011895,
        "cen_accuracy": 0.7323,
        "num_clients": 10,
        "accumulated_clients": 240
    },
    "25": {
        "loss": 0.6162636172466766,
        "cen_accuracy": 0.7469,
        "num_clients": 10,
        "accumulated_clients": 250
    },
    "26": {
        "loss": 0.6247771443269504,
        "cen_accuracy": 0.774,
        "num_clients": 10,
        "accumulated_clients": 260
    },
    "27": {
        "loss": 0.5477194466625159,
        "cen_accuracy": 0.7984,
        "num_clients": 10,
        "accumulated_clients": 270
    },
    "28": {
        "loss": 0.5476391163116066,
        "cen_accuracy": 0.7859,
        "num_clients": 10,
        "accumulated_clients": 280
    },
    "29": {
        "loss": 0.6467032487780903,
        "cen_accuracy": 0.7564,
        "num_clients": 10,
        "accumulated_clients": 290
    },
    "30": {
        "loss": 0.5838500643595339,
        "cen_accuracy": 0.7752,
        "num_clients": 10,
        "accumulated_clients": 300
    },
    "31": {
        "loss": 0.5336375082738865,
        "cen_accuracy": 0.8027,
        "num_clients": 10,
        "accumulated_clients": 310
    },
    "32": {
        "loss": 0.6045069936365365,
        "cen_accuracy": 0.7582,
        "num_clients": 10,
        "accumulated_clients": 320
    },
    "33": {
        "loss": 0.5821721025358755,
        "cen_accuracy": 0.7819,
        "num_clients": 10,
        "accumulated_clients": 330
    },
    "34": {
        "loss": 0.5555492375795834,
        "cen_accuracy": 0.7835,
        "num_clients": 10,
        "accumulated_clients": 340
    },
    "35": {
        "loss": 0.7082193547639603,
        "cen_accuracy": 0.6973,
        "num_clients": 10,
        "accumulated_clients": 350
    },
    "36": {
        "loss": 0.5975145953722274,
        "cen_accuracy": 0.7597,
        "num_clients": 10,
        "accumulated_clients": 360
    },
    "37": {
        "loss": 0.6053910481091886,
        "cen_accuracy": 0.7519,
        "num_clients": 10,
        "accumulated_clients": 370
    },
    "38": {
        "loss": 0.5330913054962128,
        "cen_accuracy": 0.7987,
        "num_clients": 10,
        "accumulated_clients": 380
    },
    "39": {
        "loss": 0.4680405451466862,
        "cen_accuracy": 0.8245,
        "num_clients": 10,
        "accumulated_clients": 390
    },
    "40": {
        "loss": 0.5048846469138758,
        "cen_accuracy": 0.8059,
        "num_clients": 10,
        "accumulated_clients": 400
    },
    "41": {
        "loss": 0.5364859279352255,
        "cen_accuracy": 0.7968,
        "num_clients": 10,
        "accumulated_clients": 410
    },
    "42": {
        "loss": 0.5771380628640659,
        "cen_accuracy": 0.7946,
        "num_clients": 10,
        "accumulated_clients": 420
    },
    "43": {
        "loss": 0.49611218049884226,
        "cen_accuracy": 0.822,
        "num_clients": 10,
        "accumulated_clients": 430
    },
    "44": {
        "loss": 0.5155630199768292,
        "cen_accuracy": 0.7946,
        "num_clients": 10,
        "accumulated_clients": 440
    },
    "45": {
        "loss": 0.5234274477147447,
        "cen_accuracy": 0.8129,
        "num_clients": 10,
        "accumulated_clients": 450
    },
    "46": {
        "loss": 0.5182109312794079,
        "cen_accuracy": 0.8026,
        "num_clients": 10,
        "accumulated_clients": 460
    },
    "47": {
        "loss": 0.5572826063956696,
        "cen_accuracy": 0.7809,
        "num_clients": 10,
        "accumulated_clients": 470
    },
    "48": {
        "loss": 0.5607098720420283,
        "cen_accuracy": 0.7858,
        "num_clients": 10,
        "accumulated_clients": 480
    },
    "49": {
        "loss": 0.4957500172023194,
        "cen_accuracy": 0.8007,
        "num_clients": 10,
        "accumulated_clients": 490
    },
    "50": {
        "loss": 0.4853326381919102,
        "cen_accuracy": 0.8091,
        "num_clients": 10,
        "accumulated_clients": 500
    },
    "51": {
        "loss": 0.5306078466220786,
        "cen_accuracy": 0.8023,
        "num_clients": 10,
        "accumulated_clients": 510
    },
    "52": {
        "loss": 0.5149575971757261,
        "cen_accuracy": 0.7993,
        "num_clients": 10,
        "accumulated_clients": 520
    },
    "53": {
        "loss": 0.4987861509568775,
        "cen_accuracy": 0.8042,
        "num_clients": 10,
        "accumulated_clients": 530
    },