{
    "0": {
        "loss": 2.3040815824136947,
        "cen_accuracy": 0.1012
    },
    "1": {
        "loss": 2.0672048642612495,
        "cen_accuracy": 0.1844,
        "heterogeneity": 0.3590725906206207,
        "num_clients": 5,
        "accumulated_clients": 5
    },
    "2": {
        "loss": 1.5734338661352285,
        "cen_accuracy": 0.4453,
        "heterogeneity": 0.3107897847085286,
        "num_clients": 5,
        "accumulated_clients": 10
    },
    "3": {
        "loss": 1.1928552933775198,
        "cen_accuracy": 0.5628,
        "heterogeneity": 0.14171924953093062,
        "num_clients": 4,
        "accumulated_clients": 14
    },
    "4": {
        "loss": 1.1379198789977418,
        "cen_accuracy": 0.554,
        "heterogeneity": 0.1207305077393398,
        "num_clients": 4,
        "accumulated_clients": 18
    },
    "5": {
        "loss": 1.1432388405830334,
        "cen_accuracy": 0.5403,
        "heterogeneity": 0.2681902734757887,
        "num_clients": 4,
        "accumulated_clients": 22
    },
    "6": {
        "loss": 1.1801869421721267,
        "cen_accuracy": 0.5266,
        "heterogeneity": 0.19718301952340056,
        "num_clients": 5,
        "accumulated_clients": 27
    },
    "7": {
        "loss": 1.4050864093600752,
        "cen_accuracy": 0.4968,
        "heterogeneity": 0.21722287865303458,
        "num_clients": 5,
        "accumulated_clients": 32
    },
    "8": {
        "loss": 0.9997599250592363,
        "cen_accuracy": 0.5448,
        "heterogeneity": 0.2319783840260331,
        "num_clients": 6,
        "accumulated_clients": 38
    },
    "9": {
        "loss": 1.0681510849501759,
        "cen_accuracy": 0.5663,
        "heterogeneity": 0.2406435773442781,
        "num_clients": 6,
        "accumulated_clients": 44
    },
    "10": {
        "loss": 0.9726998156632859,
        "cen_accuracy": 0.6317,
        "heterogeneity": 0.18318361268405658,
        "num_clients": 5,
        "accumulated_clients": 49
    },
    "11": {
        "loss": 0.8954839975879596,
        "cen_accuracy": 0.6544,
        "heterogeneity": 0.16269229663255147,
        "num_clients": 5,
        "accumulated_clients": 54
    },
    "12": {
        "loss": 0.7978048178905877,
        "cen_accuracy": 0.674,
        "heterogeneity": 0.18061762356758249,
        "num_clients": 5,
        "accumulated_clients": 59
    },
    "13": {
        "loss": 0.756477564668503,
        "cen_accuracy": 0.6899,
        "heterogeneity": 0.0945246059277215,
        "num_clients": 4,
        "accumulated_clients": 63
    },
    "14": {
        "loss": 0.7046702179474572,
        "cen_accuracy": 0.7316,
        "heterogeneity": 0.20305602186700522,
        "num_clients": 4,
        "accumulated_clients": 67
    },
    "15": {
        "loss": 0.9495018285493881,
        "cen_accuracy": 0.6739,
        "heterogeneity": 0.24833682236689703,
        "num_clients": 4,
        "accumulated_clients": 71
    },
    "16": {
        "loss": 0.9376800382099213,
        "cen_accuracy": 0.6826,
        "heterogeneity": 0.2375497695783807,
        "num_clients": 4,
        "accumulated_clients": 75
    },
    "17": {
        "loss": 0.6278909012532463,
        "cen_accuracy": 0.7292,
        "heterogeneity": 0.15982957863704095,
        "num_clients": 5,
        "accumulated_clients": 80
    },
    "18": {
        "loss": 0.749190383730605,
        "cen_accuracy": 0.6997,
        "heterogeneity": 0.11722286921896785,
        "num_clients": 5,
        "accumulated_clients": 85
    },
    "19": {
        "loss": 0.7369728971974918,
        "cen_accuracy": 0.7087,
        "heterogeneity": 0.19856446864605837,
        "num_clients": 5,
        "accumulated_clients": 90
    },
    "20": {
        "loss": 0.589739592977987,
        "cen_accuracy": 0.7688,
        "heterogeneity": 0.12665232150507122,
        "num_clients": 5,
        "accumulated_clients": 95
    },
    "21": {
        "loss": 0.6686871916341325,
        "cen_accuracy": 0.7405,
        "heterogeneity": 0.15287707451760324,
        "num_clients": 4,
        "accumulated_clients": 99
    },
    "22": {
        "loss": 1.215329458728766,
        "cen_accuracy": 0.5867,
        "heterogeneity": 0.148800212247854,
        "num_clients": 4,
        "accumulated_clients": 103
    },
    "23": {
        "loss": 0.9254540115499649,
        "cen_accuracy": 0.6347,
        "heterogeneity": 0.13773843278779596,
        "num_clients": 4,
        "accumulated_clients": 107
    },
    "24": {
        "loss": 0.8162216480357197,
        "cen_accuracy": 0.7282,
        "heterogeneity": 0.15524452789177456,
        "num_clients": 4,
        "accumulated_clients": 111
    },
    "25": {
        "loss": 0.9279130755331569,
        "cen_accuracy": 0.6163,
        "heterogeneity": 0.1294267803068846,
        "num_clients": 4,
        "accumulated_clients": 115
    },
    "26": {
        "loss": 0.7386737010730341,
        "cen_accuracy": 0.7209,
        "heterogeneity": 0.13067633599148198,
        "num_clients": 5,
        "accumulated_clients": 120
    },
    "27": {
        "loss": 0.7169121670456359,
        "cen_accuracy": 0.6862,
        "heterogeneity": 0.15312873445346287,
        "num_clients": 5,
        "accumulated_clients": 125
    },
    "28": {
        "loss": 0.6659267302900077,
        "cen_accuracy": 0.7173,
        "heterogeneity": 0.1180863932469397,
        "num_clients": 6,
        "accumulated_clients": 131
    },
    "29": {
        "loss": 0.5858039584594031,
        "cen_accuracy": 0.755,
        "heterogeneity": 0.14559474434938602,
        "num_clients": 6,
        "accumulated_clients": 137
    },
    "30": {
        "loss": 0.7502213383254152,
        "cen_accuracy": 0.7113,
        "heterogeneity": 0.14908934640603222,
        "num_clients": 5,
        "accumulated_clients": 142
    },
    "31": {
        "loss": 0.9676988309564681,
        "cen_accuracy": 0.6856,
        "heterogeneity": 0.1376252917831391,
        "num_clients": 5,
        "accumulated_clients": 147
    },
    "32": {
        "loss": 0.6883012475297093,
        "cen_accuracy": 0.7213,
        "heterogeneity": 0.14552909518888202,
        "num_clients": 5,
        "accumulated_clients": 152
    },
    "33": {
        "loss": 0.8193196572434788,
        "cen_accuracy": 0.7226,
        "heterogeneity": 0.07480227241397641,
        "num_clients": 4,
        "accumulated_clients": 156
    },
    "34": {
        "loss": 0.819221988177528,
        "cen_accuracy": 0.6779,
        "heterogeneity": 0.20989737372423978,
        "num_clients": 4,
        "accumulated_clients": 160
    },
    "35": {
        "loss": 0.9977888706773995,
        "cen_accuracy": 0.627,
        "heterogeneity": 0.13392891348077873,
        "num_clients": 4,
        "accumulated_clients": 164
    },
    "36": {
        "loss": 0.8116464906226332,
        "cen_accuracy": 0.6546,
        "heterogeneity": 0.11570333636578956,
        "num_clients": 5,
        "accumulated_clients": 169
    },
    "37": {
        "loss": 0.6653397296564266,
        "cen_accuracy": 0.7376,
        "heterogeneity": 0.08920039189007523,
        "num_clients": 5,
        "accumulated_clients": 174
    },
    "38": {
        "loss": 0.7732034330360424,
        "cen_accuracy": 0.7235,
        "heterogeneity": 0.15150362732908285,
        "num_clients": 4,
        "accumulated_clients": 178
    },
    "39": {
        "loss": 0.8543344630410497,
        "cen_accuracy": 0.5737,
        "heterogeneity": 0.14615004635304418,
        "num_clients": 4,
        "accumulated_clients": 182
    },
    "40": {
        "loss": 0.7492224348429293,
        "cen_accuracy": 0.7021,
        "heterogeneity": 0.1413485122302891,
        "num_clients": 4,
        "accumulated_clients": 186
    },
    "41": {
        "loss": 0.7601428126184323,
        "cen_accuracy": 0.7146,
        "heterogeneity": 0.19015140128863695,
        "num_clients": 5,
        "accumulated_clients": 191
    },