{
    "0": {
        "loss": 2.303573555839709,
        "cen_accuracy": 0.1
    },
    "1": {
        "loss": 2.1164103072291365,
        "cen_accuracy": 0.4302,
        "num_clients": 10,
        "accumulated_clients": 10
    },
    "2": {
        "loss": 1.705054831580994,
        "cen_accuracy": 0.4518,
        "num_clients": 10,
        "accumulated_clients": 20
    },
    "3": {
        "loss": 1.3294029451025942,
        "cen_accuracy": 0.4411,
        "num_clients": 10,
        "accumulated_clients": 30
    },
    "4": {
        "loss": 1.11622525765873,
        "cen_accuracy": 0.6029,
        "num_clients": 10,
        "accumulated_clients": 40
    },
    "5": {
        "loss": 1.0638900281141361,
        "cen_accuracy": 0.6405,
        "num_clients": 10,
        "accumulated_clients": 50
    },
    "6": {
        "loss": 0.9212496671052025,
        "cen_accuracy": 0.6655,
        "num_clients": 10,
        "accumulated_clients": 60
    },
    "7": {
        "loss": 0.7602158834378179,
        "cen_accuracy": 0.7239,
        "num_clients": 10,
        "accumulated_clients": 70
    },
    "8": {
        "loss": 0.7931909199339894,
        "cen_accuracy": 0.6969,
        "num_clients": 10,
        "accumulated_clients": 80
    },
    "9": {
        "loss": 0.8188003905284138,
        "cen_accuracy": 0.7013,
        "num_clients": 10,
        "accumulated_clients": 90
    },
    "10": {
        "loss": 0.7911216788017712,
        "cen_accuracy": 0.7171,
        "num_clients": 10,
        "accumulated_clients": 100
    },
    "11": {
        "loss": 0.7363439841201892,
        "cen_accuracy": 0.7255,
        "num_clients": 10,
        "accumulated_clients": 110
    },
    "12": {
        "loss": 0.7759484875316437,
        "cen_accuracy": 0.7112,
        "num_clients": 10,
        "accumulated_clients": 120
    },
    "13": {
        "loss": 0.5968838287428164,
        "cen_accuracy": 0.7852,
        "num_clients": 10,
        "accumulated_clients": 130
    },
    "14": {
        "loss": 0.7797760339781118,
        "cen_accuracy": 0.705,
        "num_clients": 10,
        "accumulated_clients": 140
    },
    "15": {
        "loss": 0.6054368767494591,
        "cen_accuracy": 0.785,
        "num_clients": 10,
        "accumulated_clients": 150
    },
    "16": {
        "loss": 0.6381838840608018,
        "cen_accuracy": 0.7602,
        "num_clients": 10,
        "accumulated_clients": 160
    },
    "17": {
        "loss": 0.5773831045570464,
        "cen_accuracy": 0.7913,
        "num_clients": 10,
        "accumulated_clients": 170
    },
    "18": {
        "loss": 0.6518583903297449,
        "cen_accuracy": 0.7539,
        "num_clients": 10,
        "accumulated_clients": 180
    },
    "19": {
        "loss": 0.6421401031291523,
        "cen_accuracy": 0.7679,
        "num_clients": 10,
        "accumulated_clients": 190
    },
    "20": {
        "loss": 0.603711193695236,
        "cen_accuracy": 0.7622,
        "num_clients": 10,
        "accumulated_clients": 200
    },
    "21": {
        "loss": 0.5602004619452138,
        "cen_accuracy": 0.7877,
        "num_clients": 10,
        "accumulated_clients": 210
    },
    "22": {
        "loss": 0.5830649163205022,
        "cen_accuracy": 0.7722,
        "num_clients": 10,
        "accumulated_clients": 220
    },
    "23": {
        "loss": 0.5399827451561205,
        "cen_accuracy": 0.805,
        "num_clients": 10,
        "accumulated_clients": 230
    },
    "24": {
        "loss": 0.5787529227451775,
        "cen_accuracy": 0.7716,
        "num_clients": 10,
        "accumulated_clients": 240
    },
    "25": {
        "loss": 0.5708759841256248,
        "cen_accuracy": 0.7866,
        "num_clients": 10,
        "accumulated_clients": 250
    },
    "26": {
        "loss": 0.631884412500805,
        "cen_accuracy": 0.7621,
        "num_clients": 10,
        "accumulated_clients": 260
    },
    "27": {
        "loss": 0.5777793720412178,
        "cen_accuracy": 0.7641,
        "num_clients": 10,
        "accumulated_clients": 270
    },
    "28": {
        "loss": 0.4930793449711114,
        "cen_accuracy": 0.8046,
        "num_clients": 10,
        "accumulated_clients": 280
    },
    "29": {
        "loss": 0.5778401039850217,
        "cen_accuracy": 0.7667,
        "num_clients": 10,
        "accumulated_clients": 290
    },
    "30": {
        "loss": 0.5716212823177679,
        "cen_accuracy": 0.7509,
        "num_clients": 10,
        "accumulated_clients": 300
    },
    "31": {
        "loss": 0.5644633015885521,
        "cen_accuracy": 0.7531,
        "num_clients": 10,
        "accumulated_clients": 310
    },
    "32": {
        "loss": 0.5347568053311814,
        "cen_accuracy": 0.7905,
        "num_clients": 10,
        "accumulated_clients": 320
    },
    "33": {
        "loss": 0.5310694472477459,
        "cen_accuracy": 0.7958,
        "num_clients": 10,
        "accumulated_clients": 330
    },
    "34": {
        "loss": 0.5435679653486886,
        "cen_accuracy": 0.7949,
        "num_clients": 10,
        "accumulated_clients": 340
    },
    "35": {
        "loss": 0.543924733710746,
        "cen_accuracy": 0.7893,
        "num_clients": 10,
        "accumulated_clients": 350
    },
    "36": {
        "loss": 0.5878074572394831,
        "cen_accuracy": 0.7586,
        "num_clients": 10,
        "accumulated_clients": 360
    },
    "37": {
        "loss": 0.5207758826760057,
        "cen_accuracy": 0.8016,
        "num_clients": 10,
        "accumulated_clients": 370
    },
    "38": {
        "loss": 0.4849747030879743,
        "cen_accuracy": 0.8199,
        "num_clients": 10,
        "accumulated_clients": 380
    },
    "39": {
        "loss": 0.5325961555726231,
        "cen_accuracy": 0.799,
        "num_clients": 10,
        "accumulated_clients": 390
    },
    "40": {
        "loss": 0.5786744227615027,
        "cen_accuracy": 0.7672,
        "num_clients": 10,
        "accumulated_clients": 400
    },
    "41": {
        "loss": 0.4842473503690177,
        "cen_accuracy": 0.8144,
        "num_clients": 10,
        "accumulated_clients": 410
    },
    "42": {
        "loss": 0.48568086892652057,
        "cen_accuracy": 0.8214,
        "num_clients": 10,
        "accumulated_clients": 420
    },
    "43": {
        "loss": 0.47120380258788697,
        "cen_accuracy": 0.8273,
        "num_clients": 10,
        "accumulated_clients": 430
    },
    "44": {
        "loss": 0.6272325797583729,
        "cen_accuracy": 0.7816,
        "num_clients": 10,
        "accumulated_clients": 440
    },
    "45": {
        "loss": 0.49683406482489345,
        "cen_accuracy": 0.8104,
        "num_clients": 10,
        "accumulated_clients": 450
    },
    "46": {
        "loss": 0.5293315567147617,
        "cen_accuracy": 0.8026,
        "num_clients": 10,
        "accumulated_clients": 460
    },
    "47": {
        "loss": 0.5012779103014797,
        "cen_accuracy": 0.8101,
        "num_clients": 10,
        "accumulated_clients": 470
    },
    "48": {
        "loss": 0.48489299168982825,
        "cen_accuracy": 0.8205,
        "num_clients": 10,
        "accumulated_clients": 480
    },
    "49": {
        "loss": 0.5346620711274802,
        "cen_accuracy": 0.793,
        "num_clients": 10,
        "accumulated_clients": 490
    },
    "50": {
        "loss": 0.5153810110050269,
        "cen_accuracy": 0.7971,
        "num_clients": 10,
        "accumulated_clients": 500
    },
    "51": {
        "loss": 0.5153226896692008,
        "cen_accuracy": 0.8134,
        "num_clients": 10,
        "accumulated_clients": 510
    },
    "52": {
        "loss": 0.48313500115665764,
        "cen_accuracy": 0.829,
        "num_clients": 10,
        "accumulated_clients": 520
    },
    "53": {
        "loss": 0.48135492795953355,
        "cen_accuracy": 0.8228,
        "num_clients": 10,
        "accumulated_clients": 530
    },