{
    "0": {
        "loss": 2.3037935301137806,
        "cen_accuracy": 0.1
    },
    "1": {
        "loss": 2.3036428023451054,
        "cen_accuracy": 0.1
    },
    "2": {
        "loss": 2.304226138721259,
        "cen_accuracy": 0.1
    },
    "3": {
        "loss": 2.3057920521440596,
        "cen_accuracy": 0.1
    },
    "4": {
        "loss": 2.3120265829677398,
        "cen_accuracy": 0.1
    },
    "5": {
        "loss": 2.306757296997899,
        "cen_accuracy": 0.1
    },
    "6": {
        "loss": 2.304439141727484,
        "cen_accuracy": 0.1
    },
    "7": {
        "loss": 2.3062585542758054,
        "cen_accuracy": 0.1
    },
    "8": {
        "loss": 2.312433167387502,
        "cen_accuracy": 0.1
    },
    "9": {
        "loss": 2.3088012290077087,
        "cen_accuracy": 0.1
    },
    "10": {
        "loss": 2.3097083073454545,
        "cen_accuracy": 0.1
    },
    "11": {
        "loss": 2.313828323595821,
        "cen_accuracy": 0.1
    },
    "12": {
        "loss": 2.310214007624422,
        "cen_accuracy": 0.1
    },
    "13": {
        "loss": 2.30907421828078,
        "cen_accuracy": 0.1
    },
    "14": {
        "loss": 2.3109048075569323,
        "cen_accuracy": 0.1
    },
    "15": {
        "loss": 2.3102531516894746,
        "cen_accuracy": 0.1
    },
    "16": {
        "loss": 2.3049492714123225,
        "cen_accuracy": 0.1
    },
    "17": {
        "loss": 2.3060331809254118,
        "cen_accuracy": 0.1
    },
    "18": {
        "loss": 2.314325478891976,
        "cen_accuracy": 0.1
    },
    "19": {
        "loss": 2.3055028839233205,
        "cen_accuracy": 0.1
    },
    "20": {
        "loss": 2.3092573709762134,
        "cen_accuracy": 0.1
    },
    "21": {
        "loss": 2.305837174193166,
        "cen_accuracy": 0.1
    },
    "22": {
        "loss": 2.3098853906503503,
        "cen_accuracy": 0.1
    },
    "23": {
        "loss": 2.3060818899172943,
        "cen_accuracy": 0.1
    },
    "24": {
        "loss": 2.306688086293376,
        "cen_accuracy": 0.1
    },
    "25": {
        "loss": 2.306945486190601,
        "cen_accuracy": 0.1
    },
    "26": {
        "loss": 2.3049042544806726,
        "cen_accuracy": 0.1
    },
    "27": {
        "loss": 2.303874184910101,
        "cen_accuracy": 0.1
    },
    "28": {
        "loss": 2.3088013843987314,
        "cen_accuracy": 0.1
    },
    "29": {
        "loss": 2.3073291420555724,
        "cen_accuracy": 0.1
    },
    "30": {
        "loss": 2.305264594075017,
        "cen_accuracy": 0.1
    },
    "31": {
        "loss": 2.305210587315666,
        "cen_accuracy": 0.1
    },
    "32": {
        "loss": 2.305757981138869,
        "cen_accuracy": 0.1
    },
    "33": {
        "loss": 2.3053900845134603,
        "cen_accuracy": 0.1
    },
    "34": {
        "loss": 2.3064636856603165,
        "cen_accuracy": 0.1
    },
    "35": {
        "loss": 2.3056802863891894,
        "cen_accuracy": 0.1
    },
    "36": {
        "loss": 2.303438115043762,
        "cen_accuracy": 0.1
    },
    "37": {
        "loss": 2.3059088064077944,
        "cen_accuracy": 0.1
    },
    "38": {
        "loss": 2.307794173304646,
        "cen_accuracy": 0.1
    },
    "39": {
        "loss": 2.3033501751506673,
        "cen_accuracy": 0.1
    },
    "40": {
        "loss": 2.303745517334618,
        "cen_accuracy": 0.1
    },
    "41": {
        "loss": 2.3028851439015936,
        "cen_accuracy": 0.1
    },
    "42": {
        "loss": 2.305905724485842,
        "cen_accuracy": 0.1
    },
    "43": {
        "loss": 2.30408600648752,
        "cen_accuracy": 0.1
    },
    "44": {
        "loss": 2.304293451979518,
        "cen_accuracy": 0.1
    },
    "45": {
        "loss": 2.304433386165875,
        "cen_accuracy": 0.1
    },
    "46": {
        "loss": 2.306549275645052,
        "cen_accuracy": 0.1
    },
    "47": {
        "loss": 2.3049565351809176,
        "cen_accuracy": 0.1
    },
    "48": {
        "loss": 2.3033052191566736,
        "cen_accuracy": 0.1
    },
    "49": {
        "loss": 2.303928894737658,
        "cen_accuracy": 0.1
    },
    "50": {
        "loss": 2.3041601767555213,
        "cen_accuracy": 0.1
    },
    "51": {
        "loss": 2.303853163703943,
        "cen_accuracy": 0.1
    },
    "52": {
        "loss": 2.30373661815168,
        "cen_accuracy": 0.1
    },
    "53": {
        "loss": 2.3035837446157923,
        "cen_accuracy": 0.1
    },
    "54": {
        "loss": 2.303291908087441,
        "cen_accuracy": 0.1
    },
    "55": {
        "loss": 2.303189839798802,
        "cen_accuracy": 0.1
    },
    "56": {
        "loss": 2.3032493240917074,
        "cen_accuracy": 0.1
    },
    "57": {
        "loss": 2.3033943138183495,
        "cen_accuracy": 0.1
    },
    "58": {
        "loss": 2.3035827726601794,
        "cen_accuracy": 0.1
    },
    "59": {
        "loss": 2.3033588808565475,
        "cen_accuracy": 0.1
    },
    "60": {
        "loss": 2.3034558486633787,
        "cen_accuracy": 0.1
    },
    "61": {
        "loss": 2.303405118826479,
        "cen_accuracy": 0.1
    },
    "62": {
        "loss": 2.3035397004014766,
        "cen_accuracy": 0.1
    },
    "63": {
        "loss": 2.303772615548521,
        "cen_accuracy": 0.1
    },
    "64": {
        "loss": 2.30368944631217,
        "cen_accuracy": 0.1
    },
    "65": {
        "loss": 2.304048269320601,
        "cen_accuracy": 0.1
    },
    "66": {
        "loss": 2.3038066225691725,
        "cen_accuracy": 0.1
    },
    "67": {
        "loss": 2.3034106755789856,
        "cen_accuracy": 0.1
    },
    "68": {
        "loss": 2.3033089668225175,
        "cen_accuracy": 0.1
    },
    "69": {
        "loss": 2.3037808916439264,
        "cen_accuracy": 0.1
    },
    "70": {
        "loss": 2.3036765206736116,
        "cen_accuracy": 0.1
    },
    "71": {
        "loss": 2.3033849751225675,
        "cen_accuracy": 0.1
    },
    "72": {
        "loss": 2.303374670564938,
        "cen_accuracy": 0.1
    },
    "73": {
        "loss": 2.303932709434924,
        "cen_accuracy": 0.1
    },
    "74": {
        "loss": 2.3037492512894895,
        "cen_accuracy": 0.1
    },
    "75": {
        "loss": 2.3038278623891713,
        "cen_accuracy": 0.1
    },
    "76": {
        "loss": 2.303860140303834,
        "cen_accuracy": 0.1
    },
    "77": {
        "loss": 2.3038672867674417,
        "cen_accuracy": 0.1
    },
    "78": {
        "loss": 2.303564837184577,
        "cen_accuracy": 0.1
    },
    "79": {
        "loss": 2.303700268078155,
        "cen_accuracy": 0.1
    },
    "80": {
        "loss": 2.3037682036622265,
        "cen_accuracy": 0.1
    },
    "81": {
        "loss": 2.303737087371631,
        "cen_accuracy": 0.1
    },
    "82": {
        "loss": 2.3038942676763563,
        "cen_accuracy": 0.1
    },
    "83": {
        "loss": 2.3038522359281304,
        "cen_accuracy": 0.1
    },
    "84": {
        "loss": 2.3036907610420982,
        "cen_accuracy": 0.1
    },
    "85": {
        "loss": 2.3038453514964434,
        "cen_accuracy": 0.1
    },
    "86": {
        "loss": 2.3037864544901985,
        "cen_accuracy": 0.1
    },
    "87": {
        "loss": 2.304120669349695,
        "cen_accuracy": 0.1
    },
    "88": {
        "loss": 2.3037527178803954,
        "cen_accuracy": 0.1
    },
    "89": {
        "loss": 2.3037759732133662,
        "cen_accuracy": 0.1
    },
    "90": {
        "loss": 2.3039293403442676,
        "cen_accuracy": 0.1
    },
    "91": {
        "loss": 2.3038507955142866,
        "cen_accuracy": 0.1
    },
    "92": {
        "loss": 2.304361234457729,
        "cen_accuracy": 0.1
    },
    "93": {
        "loss": 2.3050327697120157,
        "cen_accuracy": 0.1
    },
    "94": {
        "loss": 2.3038632983978564,
        "cen_accuracy": 0.1
    },
    "95": {
        "loss": 2.3043893975571703,
        "cen_accuracy": 0.1
    },
    "96": {
        "loss": 2.3036377909846197,
        "cen_accuracy": 0.1
    },