{
    "0": {
        "loss": 2.3040815824136947,
        "cen_accuracy": 0.1012
    },
    "1": {
        "loss": 1.6130113411254394,
        "cen_accuracy": 0.5279,
        "heterogeneity": 0.24274097558772723,
        "num_clients": 5,
        "accumulated_clients": 5
    },
    "2": {
        "loss": 0.9576045902201924,
        "cen_accuracy": 0.6172,
        "heterogeneity": 0.21144561085549562,
        "num_clients": 5,
        "accumulated_clients": 10
    },
    "3": {
        "loss": 0.7378505074178068,
        "cen_accuracy": 0.7346,
        "heterogeneity": 0.05623487868796451,
        "num_clients": 4,
        "accumulated_clients": 14
    },
    "4": {
        "loss": 0.6655385747504311,
        "cen_accuracy": 0.7493,
        "heterogeneity": 0.06736865110816226,
        "num_clients": 4,
        "accumulated_clients": 18
    },
    "5": {
        "loss": 0.6160541204408335,
        "cen_accuracy": 0.7549,
        "heterogeneity": 0.057591552914446176,
        "num_clients": 4,
        "accumulated_clients": 22
    },
    "6": {
        "loss": 0.5999616297860496,
        "cen_accuracy": 0.7686,
        "heterogeneity": 0.05328549441099051,
        "num_clients": 3,
        "accumulated_clients": 25
    },
    "7": {
        "loss": 0.6135528850764893,
        "cen_accuracy": 0.7606,
        "heterogeneity": 0.05941685574205113,
        "num_clients": 3,
        "accumulated_clients": 28
    },
    "8": {
        "loss": 0.577558559255478,
        "cen_accuracy": 0.7747,
        "heterogeneity": 0.04787075284105413,
        "num_clients": 3,
        "accumulated_clients": 31
    },
    "9": {
        "loss": 0.5808530987832493,
        "cen_accuracy": 0.7694,
        "heterogeneity": 0.0507386331611821,
        "num_clients": 3,
        "accumulated_clients": 34
    },
    "10": {
        "loss": 0.614456909723556,
        "cen_accuracy": 0.7621,
        "heterogeneity": 0.05735457576507008,
        "num_clients": 2,
        "accumulated_clients": 36
    },
    "11": {
        "loss": 0.5749196786754809,
        "cen_accuracy": 0.7743,
        "heterogeneity": 0.05834701211574678,
        "num_clients": 2,
        "accumulated_clients": 38
    },
    "12": {
        "loss": 0.5666374129990038,
        "cen_accuracy": 0.7823,
        "heterogeneity": 0.03479909010766058,
        "num_clients": 2,
        "accumulated_clients": 40
    },
    "13": {
        "loss": 0.5479763109272662,
        "cen_accuracy": 0.7893,
        "heterogeneity": 0.047342321585753244,
        "num_clients": 2,
        "accumulated_clients": 42
    },
    "14": {
        "loss": 0.5469356871927127,
        "cen_accuracy": 0.7966,
        "heterogeneity": 0.05510364368896814,
        "num_clients": 2,
        "accumulated_clients": 44
    },
    "15": {
        "loss": 0.5201361697797958,
        "cen_accuracy": 0.8012,
        "heterogeneity": 0.03941161950384564,
        "num_clients": 2,
        "accumulated_clients": 46
    },
    "16": {
        "loss": 0.5652530429462275,
        "cen_accuracy": 0.7868,
        "heterogeneity": 0.04664087626075275,
        "num_clients": 2,
        "accumulated_clients": 48
    },
    "17": {
        "loss": 0.5309304165573546,
        "cen_accuracy": 0.8056,
        "heterogeneity": 0.03812215073591774,
        "num_clients": 2,
        "accumulated_clients": 50
    },
    "18": {
        "loss": 0.5396589497788645,
        "cen_accuracy": 0.8026,
        "heterogeneity": 0.03597563451401686,
        "num_clients": 2,
        "accumulated_clients": 52
    },
    "19": {
        "loss": 0.5620692280915599,
        "cen_accuracy": 0.8085,
        "heterogeneity": 0.05061161942586345,
        "num_clients": 2,
        "accumulated_clients": 54
    },
    "20": {
        "loss": 0.5729462331095443,
        "cen_accuracy": 0.7946,
        "heterogeneity": 0.043904331258002416,
        "num_clients": 2,
        "accumulated_clients": 56
    },
    "21": {
        "loss": 0.6035834122865725,
        "cen_accuracy": 0.7939,
        "heterogeneity": 0.04436496643980048,
        "num_clients": 2,
        "accumulated_clients": 58
    },
    "22": {
        "loss": 0.5090563714789887,
        "cen_accuracy": 0.8148,
        "heterogeneity": 0.039661727775292754,
        "num_clients": 3,
        "accumulated_clients": 61
    },
    "23": {
        "loss": 0.5180548906992799,
        "cen_accuracy": 0.8134,
        "heterogeneity": 0.03684241120822962,
        "num_clients": 3,
        "accumulated_clients": 64
    },
    "24": {
        "loss": 0.5305243507741739,
        "cen_accuracy": 0.8138,
        "heterogeneity": 0.03153619015554732,
        "num_clients": 3,
        "accumulated_clients": 67
    },
    "25": {
        "loss": 0.5497599276966942,
        "cen_accuracy": 0.8068,
        "heterogeneity": 0.03563356350015978,
        "num_clients": 3,
        "accumulated_clients": 70
    },
    "26": {
        "loss": 0.4861119947018334,
        "cen_accuracy": 0.8215,
        "heterogeneity": 0.0341806734340816,
        "num_clients": 4,
        "accumulated_clients": 74
    },
    "27": {
        "loss": 0.5362853308836111,
        "cen_accuracy": 0.8128,
        "heterogeneity": 0.029157096979009256,
        "num_clients": 4,
        "accumulated_clients": 78
    },
    "28": {
        "loss": 0.5222643576919461,
        "cen_accuracy": 0.8237,
        "heterogeneity": 0.032801112921180375,
        "num_clients": 4,
        "accumulated_clients": 82
    },
    "29": {
        "loss": 0.48802077744049005,
        "cen_accuracy": 0.8304,
        "heterogeneity": 0.03550892127870142,
        "num_clients": 4,
        "accumulated_clients": 86
    },
    "30": {
        "loss": 0.497085183906479,
        "cen_accuracy": 0.821,
        "heterogeneity": 0.034623472443874426,
        "num_clients": 3,
        "accumulated_clients": 89
    },
    "31": {
        "loss": 0.5090994502837285,
        "cen_accuracy": 0.8218,
        "heterogeneity": 0.03158047014538867,
        "num_clients": 3,
        "accumulated_clients": 92
    },
    "32": {
        "loss": 0.5327466498262966,
        "cen_accuracy": 0.8156,
        "heterogeneity": 0.026015759179021103,
        "num_clients": 3,
        "accumulated_clients": 95
    },
    "33": {
        "loss": 0.5049125195120852,
        "cen_accuracy": 0.8259,
        "heterogeneity": 0.023795862444774607,
        "num_clients": 3,
        "accumulated_clients": 98
    },
    "34": {
        "loss": 0.5262260586975481,
        "cen_accuracy": 0.8274,
        "heterogeneity": 0.026930411223447193,
        "num_clients": 2,
        "accumulated_clients": 100
    },
    "35": {
        "loss": 0.5136627283054419,
        "cen_accuracy": 0.8202,
        "heterogeneity": 0.03577352426822633,
        "num_clients": 2,
        "accumulated_clients": 102
    },
    "36": {
        "loss": 0.511322195109087,
        "cen_accuracy": 0.8324,
        "heterogeneity": 0.0322779412309212,
        "num_clients": 2,
        "accumulated_clients": 104
    },
    "37": {
        "loss": 0.49738549593443304,
        "cen_accuracy": 0.8322,
        "heterogeneity": 0.02597322899551735,
        "num_clients": 2,
        "accumulated_clients": 106
    },
    "38": {
        "loss": 0.48431553598790883,
        "cen_accuracy": 0.8258,
        "heterogeneity": 0.022393474619393672,
        "num_clients": 2,
        "accumulated_clients": 108
    },
    "39": {
        "loss": 0.5387721690364158,
        "cen_accuracy": 0.8272,
        "heterogeneity": 0.027112066449498595,
        "num_clients": 2,
        "accumulated_clients": 110
    },
    "40": {
        "loss": 0.5252903279500266,
        "cen_accuracy": 0.8247,
        "heterogeneity": 0.029190995275300002,
        "num_clients": 2,
        "accumulated_clients": 112
    },
    "41": {
        "loss": 0.6059011259970193,
        "cen_accuracy": 0.8199,
        "heterogeneity": 0.0263045209024253,
        "num_clients": 2,