{
    "0": {
        "loss": 2.3074423626969796,
        "cen_accuracy": 0.1
    },
    "1": {
        "loss": 2.227274924421463,
        "cen_accuracy": 0.322,
        "num_clients": 10,
        "accumulated_clients": 10
    },
    "2": {
        "loss": 1.1333314016604195,
        "cen_accuracy": 0.5741,
        "num_clients": 10,
        "accumulated_clients": 20
    },
    "3": {
        "loss": 0.9183559697656967,
        "cen_accuracy": 0.6436,
        "num_clients": 10,
        "accumulated_clients": 30
    },
    "4": {
        "loss": 0.8221755076330691,
        "cen_accuracy": 0.6733,
        "num_clients": 10,
        "accumulated_clients": 40
    },
    "5": {
        "loss": 0.7835698955165692,
        "cen_accuracy": 0.6984,
        "num_clients": 9,
        "accumulated_clients": 49
    },
    "6": {
        "loss": 0.7444782039037527,
        "cen_accuracy": 0.7067,
        "num_clients": 8,
        "accumulated_clients": 57
    },
    "7": {
        "loss": 0.7133695160428556,
        "cen_accuracy": 0.7247,
        "num_clients": 7,
        "accumulated_clients": 64
    },
    "8": {
        "loss": 0.6904887241867784,
        "cen_accuracy": 0.7336,
        "num_clients": 6,
        "accumulated_clients": 70
    },
    "9": {
        "loss": 0.6782536630432445,
        "cen_accuracy": 0.7351,
        "num_clients": 5,
        "accumulated_clients": 75
    },
    "10": {
        "loss": 0.6642725245830731,
        "cen_accuracy": 0.7449,
        "num_clients": 4,
        "accumulated_clients": 79
    },
    "11": {
        "loss": 0.6711553936949173,
        "cen_accuracy": 0.7383,
        "num_clients": 3,
        "accumulated_clients": 82
    },
    "12": {
        "loss": 0.6672043751794309,
        "cen_accuracy": 0.7484,
        "num_clients": 2,
        "accumulated_clients": 84
    },
    "13": {
        "loss": 0.6401204089768017,
        "cen_accuracy": 0.7564,
        "num_clients": 2,
        "accumulated_clients": 86
    },
    "14": {
        "loss": 0.6303121139066288,
        "cen_accuracy": 0.7699,
        "num_clients": 2,
        "accumulated_clients": 88
    },
    "15": {
        "loss": 0.6335075130097021,
        "cen_accuracy": 0.7611,
        "num_clients": 2,
        "accumulated_clients": 90
    },
    "16": {
        "loss": 0.6385184869693872,
        "cen_accuracy": 0.7571,
        "num_clients": 2,
        "accumulated_clients": 92
    },
    "17": {
        "loss": 0.636187672424621,
        "cen_accuracy": 0.7652,
        "num_clients": 2,
        "accumulated_clients": 94
    },
    "18": {
        "loss": 0.6512453137114406,
        "cen_accuracy": 0.7563,
        "num_clients": 2,
        "accumulated_clients": 96
    },
    "19": {
        "loss": 0.626903122701584,
        "cen_accuracy": 0.7644,
        "num_clients": 2,
        "accumulated_clients": 98
    },
    "20": {
        "loss": 0.6377176373911361,
        "cen_accuracy": 0.7705,
        "num_clients": 2,
        "accumulated_clients": 100
    },
    "21": {
        "loss": 0.5793924091723018,
        "cen_accuracy": 0.7906,
        "num_clients": 2,
        "accumulated_clients": 102
    },
    "22": {
        "loss": 0.6283943536468207,
        "cen_accuracy": 0.7622,
        "num_clients": 2,
        "accumulated_clients": 104
    },
    "23": {
        "loss": 0.5813391633784047,
        "cen_accuracy": 0.7865,
        "num_clients": 2,
        "accumulated_clients": 106
    },
    "24": {
        "loss": 0.5909067004347761,
        "cen_accuracy": 0.7881,
        "num_clients": 2,
        "accumulated_clients": 108
    },
    "25": {
        "loss": 0.673670760501688,
        "cen_accuracy": 0.7755,
        "num_clients": 2,
        "accumulated_clients": 110
    },
    "26": {
        "loss": 0.5684766553747006,
        "cen_accuracy": 0.7883,
        "num_clients": 2,
        "accumulated_clients": 112
    },
    "27": {
        "loss": 0.5843292450942932,
        "cen_accuracy": 0.7921,
        "num_clients": 2,
        "accumulated_clients": 114
    },
    "28": {
        "loss": 0.6189471178542311,
        "cen_accuracy": 0.779,
        "num_clients": 2,
        "accumulated_clients": 116
    },
    "29": {
        "loss": 0.5728088125062827,
        "cen_accuracy": 0.7977,
        "num_clients": 2,
        "accumulated_clients": 118
    },
    "30": {
        "loss": 0.5283691816912672,
        "cen_accuracy": 0.8051,
        "num_clients": 2,
        "accumulated_clients": 120
    },
    "31": {
        "loss": 0.5645314061794037,
        "cen_accuracy": 0.7907,
        "num_clients": 2,
        "accumulated_clients": 122
    },
    "32": {
        "loss": 0.5684404780213445,
        "cen_accuracy": 0.7908,
        "num_clients": 2,
        "accumulated_clients": 124
    },
    "33": {
        "loss": 0.559692347963778,
        "cen_accuracy": 0.7969,
        "num_clients": 2,
        "accumulated_clients": 126
    },
    "34": {
        "loss": 0.5478404689425478,
        "cen_accuracy": 0.8012,
        "num_clients": 2,
        "accumulated_clients": 128
    },
    "35": {
        "loss": 0.5637259608545242,
        "cen_accuracy": 0.7971,
        "num_clients": 2,
        "accumulated_clients": 130
    },
    "36": {
        "loss": 0.5344890219906268,
        "cen_accuracy": 0.8158,
        "num_clients": 2,
        "accumulated_clients": 132
    },
    "37": {
        "loss": 0.5766261097626945,
        "cen_accuracy": 0.7996,
        "num_clients": 2,
        "accumulated_clients": 134
    },
    "38": {
        "loss": 0.5358179321827979,
        "cen_accuracy": 0.8078,
        "num_clients": 2,
        "accumulated_clients": 136
    },
    "39": {
        "loss": 0.5454988421533055,
        "cen_accuracy": 0.8006,
        "num_clients": 2,
        "accumulated_clients": 138
    },
    "40": {
        "loss": 0.5422272851672797,
        "cen_accuracy": 0.7995,
        "num_clients": 2,
        "accumulated_clients": 140
    },
    "41": {
        "loss": 0.5488333908704143,
        "cen_accuracy": 0.8123,
        "num_clients": 2,
        "accumulated_clients": 142
    },
    "42": {
        "loss": 0.5667815999672435,
        "cen_accuracy": 0.7917,
        "num_clients": 2,
        "accumulated_clients": 144
    },
    "43": {
        "loss": 0.5369481912817056,
        "cen_accuracy": 0.7985,
        "num_clients": 2,
        "accumulated_clients": 146
    },
    "44": {
        "loss": 0.5207113156589075,
        "cen_accuracy": 0.8132,
        "num_clients": 2,
        "accumulated_clients": 148
    },
    "45": {
        "loss": 0.5800687709745889,
        "cen_accuracy": 0.7933,
        "num_clients": 2,
        "accumulated_clients": 150
    },
    "46": {
        "loss": 0.5462932977051781,
        "cen_accuracy": 0.8046,
        "num_clients": 2,
        "accumulated_clients": 152
    },
    "47": {
        "loss": 0.5401372467747892,
        "cen_accuracy": 0.8055,
        "num_clients": 2,
        "accumulated_clients": 154
    },
    "48": {
        "loss": 0.5277556800328124,
        "cen_accuracy": 0.809,
        "num_clients": 2,
        "accumulated_clients": 156
    },
    "49": {
        "loss": 0.5021409774169373,
        "cen_accuracy": 0.8216,
        "num_clients": 2,
        "accumulated_clients": 158
    },
    "50": {
        "loss": 0.5303613018399229,
        "cen_accuracy": 0.8113,
        "num_clients": 2,
        "accumulated_clients": 160
    },
    "51": {
        "loss": 0.5342463120675316,
        "cen_accuracy": 0.8172,
        "num_clients": 2,
        "accumulated_clients": 162
    },
    "52": {
        "loss": 0.5367746523108345,
        "cen_accuracy": 0.8071,
        "num_clients": 2,
        "accumulated_clients": 164
    },
    "53": {
        "loss": 0.5483890158204606,
        "cen_accuracy": 0.7993,
        "num_clients": 2,
        "accumulated_clients": 166
    },
    "54": {
        "loss": 0.5593392808502093,
        "cen_accuracy": 0.8107,