{
    "0": {
        "loss": 2.30208751568779,
        "cen_accuracy": 0.0862
    },
    "1": {
        "loss": 1.9966130938392859,
        "cen_accuracy": 0.3299
    },
    "2": {
        "loss": 0.9594476047796182,
        "cen_accuracy": 0.6663
    },
    "3": {
        "loss": 0.8023012361396997,
        "cen_accuracy": 0.7292
    },
    "4": {
        "loss": 0.7344509442202961,
        "cen_accuracy": 0.7549
    },
    "5": {
        "loss": 0.5214762352049922,
        "cen_accuracy": 0.801
    },
    "6": {
        "loss": 0.7603934581477803,
        "cen_accuracy": 0.7627
    },
    "7": {
        "loss": 0.8820833009652818,
        "cen_accuracy": 0.7043
    },
    "8": {
        "loss": 0.8944214631479007,
        "cen_accuracy": 0.717
    },
    "9": {
        "loss": 0.8050938452394626,
        "cen_accuracy": 0.7519
    },
    "10": {
        "loss": 0.8884344703663652,
        "cen_accuracy": 0.7355
    },
    "11": {
        "loss": 0.9099926182065909,
        "cen_accuracy": 0.7417
    },
    "12": {
        "loss": 0.9307124141496591,
        "cen_accuracy": 0.7296
    },
    "13": {
        "loss": 0.8332746274555072,
        "cen_accuracy": 0.7495
    },
    "14": {
        "loss": 0.6477684700927033,
        "cen_accuracy": 0.7793
    },
    "15": {
        "loss": 0.5947337243884516,
        "cen_accuracy": 0.7936
    },
    "16": {
        "loss": 1.4611150575712466,
        "cen_accuracy": 0.6344
    },
    "17": {
        "loss": 0.6679639292601198,
        "cen_accuracy": 0.7333
    },
    "18": {
        "loss": 0.6620128965511108,
        "cen_accuracy": 0.7742
    },
    "19": {
        "loss": 1.2166044467363875,
        "cen_accuracy": 0.6866
    },
    "20": {
        "loss": 0.7099061439783809,
        "cen_accuracy": 0.7739
    },
    "21": {
        "loss": 0.6135758917076519,
        "cen_accuracy": 0.7704
    },
    "22": {
        "loss": 0.5439732323248927,
        "cen_accuracy": 0.7849
    },
    "23": {
        "loss": 0.8013748169516604,
        "cen_accuracy": 0.7533
    },
    "24": {
        "loss": 1.1759562201488514,
        "cen_accuracy": 0.7254
    },
    "25": {
        "loss": 1.4531018043668886,
        "cen_accuracy": 0.7159
    },
    "26": {
        "loss": 0.8554933541499007,
        "cen_accuracy": 0.7004
    },
    "27": {
        "loss": 0.8591191997162451,
        "cen_accuracy": 0.7223
    },
    "28": {
        "loss": 0.6562542620177467,
        "cen_accuracy": 0.7647
    },
    "29": {
        "loss": 0.580357626604196,
        "cen_accuracy": 0.8107
    },
    "30": {
        "loss": 0.9259665974032003,
        "cen_accuracy": 0.7301
    },
    "31": {
        "loss": 1.7631012008974727,
        "cen_accuracy": 0.4638
    },
    "32": {
        "loss": 0.7529029703844851,
        "cen_accuracy": 0.7365
    },
    "33": {
        "loss": 0.8519636444009531,
        "cen_accuracy": 0.7263
    },
    "34": {
        "loss": 0.7508806417258783,
        "cen_accuracy": 0.754
    },
    "35": {
        "loss": 0.8020841620219782,
        "cen_accuracy": 0.7459
    },
    "36": {
        "loss": 0.6464176766407757,
        "cen_accuracy": 0.741
    },
    "37": {
        "loss": 0.9484871615426609,
        "cen_accuracy": 0.6439
    },
    "38": {
        "loss": 0.7153434556322738,
        "cen_accuracy": 0.7538
    },
    "39": {
        "loss": 0.6561107708337589,
        "cen_accuracy": 0.7879
    },
    "40": {
        "loss": 0.8583580891545207,
        "cen_accuracy": 0.7128
    },
    "41": {
        "loss": 0.6986557061013322,
        "cen_accuracy": 0.7355
    },
    "42": {
        "loss": 1.3721861860241753,
        "cen_accuracy": 0.6212
    },
    "43": {
        "loss": 0.6657436876632155,
        "cen_accuracy": 0.7523
    },
    "44": {
        "loss": 0.7024961597622393,
        "cen_accuracy": 0.7343
    },
    "45": {
        "loss": 0.5602349985045747,
        "cen_accuracy": 0.7843
    },
    "46": {
        "loss": 0.5204949029527914,
        "cen_accuracy": 0.7959
    },
    "47": {
        "loss": 0.7164986264972261,
        "cen_accuracy": 0.7563
    },
    "48": {
        "loss": 0.7675923336618624,
        "cen_accuracy": 0.7479
    },
    "49": {
        "loss": 0.8047261123840039,
        "cen_accuracy": 0.7495
    },
    "50": {
        "loss": 0.6075547630794513,
        "cen_accuracy": 0.7641
    },
    "51": {
        "loss": 0.6481964522942948,
        "cen_accuracy": 0.7591
    },
    "52": {
        "loss": 0.7838734999156227,
        "cen_accuracy": 0.7408
    },
    "53": {
        "loss": 0.533271751702784,
        "cen_accuracy": 0.803
    },
    "54": {
        "loss": 0.7149633405307612,
        "cen_accuracy": 0.7656
    },
    "55": {
        "loss": 0.8803240449283831,
        "cen_accuracy": 0.75
    },
    "56": {
        "loss": 1.3443532767006383,
        "cen_accuracy": 0.5444
    },
    "57": {
        "loss": 0.6045598142063275,
        "cen_accuracy": 0.7671
    },
    "58": {
        "loss": 0.6347017351049966,
        "cen_accuracy": 0.7638
    },
    "59": {
        "loss": 0.5809978094820778,
        "cen_accuracy": 0.7767
    },
    "60": {
        "loss": 0.8185435198366452,
        "cen_accuracy": 0.7532
    },
    "61": {
        "loss": 0.7979636833119316,
        "cen_accuracy": 0.6919
    },
    "62": {
        "loss": 0.9961519964967673,
        "cen_accuracy": 0.7053
    },
    "63": {
        "loss": 0.8871419868720606,
        "cen_accuracy": 0.6994
    },
    "64": {
        "loss": 0.7946121242290107,
        "cen_accuracy": 0.7188
    },
    "65": {
        "loss": 1.0745245641031966,
        "cen_accuracy": 0.5926
    },
    "66": {
        "loss": 1.0336104907547703,
        "cen_accuracy": 0.6499
    },
    "67": {
        "loss": 0.6080901845575521,
        "cen_accuracy": 0.7757
    },
    "68": {
        "loss": 0.8337204404913199,
        "cen_accuracy": 0.7466
    },
    "69": {
        "loss": 1.004096960678649,
        "cen_accuracy": 0.6278
    },
    "70": {
        "loss": 0.6419471068599354,
        "cen_accuracy": 0.7741
    },
    "71": {
        "loss": 1.0822650287478877,
        "cen_accuracy": 0.6678
    },
    "72": {
        "loss": 1.789814343372473,
        "cen_accuracy": 0.624
    },
    "73": {
        "loss": 1.2284030172581109,
        "cen_accuracy": 0.6371
    },
    "74": {
        "loss": 1.5256925635634901,
        "cen_accuracy": 0.6986
    },
    "75": {
        "loss": 1.254941050046549,
        "cen_accuracy": 0.6608
    },
    "76": {
        "loss": 0.8482933024438425,
        "cen_accuracy": 0.7124
    },
    "77": {
        "loss": 0.7695617440599984,
        "cen_accuracy": 0.7355
    },
    "78": {
        "loss": 0.8912059734233271,
        "cen_accuracy": 0.6835
    },
    "79": {
        "loss": 0.8468197064277844,
        "cen_accuracy": 0.7293
    },
    "80": {
        "loss": 1.3501486532604352,
        "cen_accuracy": 0.5992
    },
    "81": {
        "loss": 0.8706026353394262,
        "cen_accuracy": 0.7073
    },
    "82": {
        "loss": 0.9228243807824655,
        "cen_accuracy": 0.6739
    },
    "83": {
        "loss": 1.1144518933166712,
        "cen_accuracy": 0.5938
    },
    "84": {
        "loss": 0.666778562786861,
        "cen_accuracy": 0.7585
    },
    "85": {
        "loss": 0.7899388411936288,
        "cen_accuracy": 0.7506
    },
    "86": {
        "loss": 0.7312964895091498,
        "cen_accuracy": 0.7328
    },
    "87": {
        "loss": 1.1889121084929275,
        "cen_accuracy": 0.6994
    },
    "88": {
        "loss": 0.8276400578479035,
        "cen_accuracy": 0.7226
    },
    "89": {
        "loss": 1.0467845166262728,
        "cen_accuracy": 0.6696
    },
    "90": {
        "loss": 0.9776659972561054,
        "cen_accuracy": 0.6424
    },
    "91": {
        "loss": 0.8651447693189493,
        "cen_accuracy": 0.6814
    },
    "92": {
        "loss": 0.6769784710849055,
        "cen_accuracy": 0.7481
    },