{
    "0": {
        "loss": 2.3040815824136947,
        "cen_accuracy": 0.1012
    },
    "1": {
        "loss": 1.7075837267854344,
        "cen_accuracy": 0.5277,
        "num_clients": 5,
        "accumulated_clients": 5
    },
    "2": {
        "loss": 0.9787075322466536,
        "cen_accuracy": 0.6699,
        "num_clients": 5,
        "accumulated_clients": 10
    },
    "3": {
        "loss": 0.7205871432162703,
        "cen_accuracy": 0.7339,
        "num_clients": 5,
        "accumulated_clients": 15
    },
    "4": {
        "loss": 0.6664953476514298,
        "cen_accuracy": 0.7464,
        "num_clients": 5,
        "accumulated_clients": 20
    },
    "5": {
        "loss": 0.6393852629981482,
        "cen_accuracy": 0.7497,
        "num_clients": 5,
        "accumulated_clients": 25
    },
    "6": {
        "loss": 0.6040026318912689,
        "cen_accuracy": 0.7634,
        "num_clients": 5,
        "accumulated_clients": 30
    },
    "7": {
        "loss": 0.6169469920210183,
        "cen_accuracy": 0.7628,
        "num_clients": 5,
        "accumulated_clients": 35
    },
    "8": {
        "loss": 0.5785976311745354,
        "cen_accuracy": 0.7718,
        "num_clients": 5,
        "accumulated_clients": 40
    },
    "9": {
        "loss": 0.5652848544973916,
        "cen_accuracy": 0.7816,
        "num_clients": 5,
        "accumulated_clients": 45
    },
    "10": {
        "loss": 0.5613142712809407,
        "cen_accuracy": 0.7815,
        "num_clients": 5,
        "accumulated_clients": 50
    },
    "11": {
        "loss": 0.5433200309261347,
        "cen_accuracy": 0.7914,
        "num_clients": 5,
        "accumulated_clients": 55
    },
    "12": {
        "loss": 0.5425132042683732,
        "cen_accuracy": 0.7883,
        "num_clients": 5,
        "accumulated_clients": 60
    },
    "13": {
        "loss": 0.5450642867305409,
        "cen_accuracy": 0.7922,
        "num_clients": 5,
        "accumulated_clients": 65
    },
    "14": {
        "loss": 0.5299268723867191,
        "cen_accuracy": 0.7997,
        "num_clients": 5,
        "accumulated_clients": 70
    },
    "15": {
        "loss": 0.5190052120639874,
        "cen_accuracy": 0.806,
        "num_clients": 5,
        "accumulated_clients": 75
    },
    "16": {
        "loss": 0.5061333756953382,
        "cen_accuracy": 0.8144,
        "num_clients": 5,
        "accumulated_clients": 80
    },
    "17": {
        "loss": 0.5235977212365824,
        "cen_accuracy": 0.8058,
        "num_clients": 5,
        "accumulated_clients": 85
    },
    "18": {
        "loss": 0.5119985319650211,
        "cen_accuracy": 0.8124,
        "num_clients": 5,
        "accumulated_clients": 90
    },
    "19": {
        "loss": 0.5151975908028051,
        "cen_accuracy": 0.8181,
        "num_clients": 5,
        "accumulated_clients": 95
    },
    "20": {
        "loss": 0.4876513984351874,
        "cen_accuracy": 0.8203,
        "num_clients": 5,
        "accumulated_clients": 100
    },
    "21": {
        "loss": 0.4883329375102497,
        "cen_accuracy": 0.828,
        "num_clients": 5,
        "accumulated_clients": 105
    },
    "22": {
        "loss": 0.49384327066211275,
        "cen_accuracy": 0.8233,
        "num_clients": 5,
        "accumulated_clients": 110
    },
    "23": {
        "loss": 0.5169551555341044,
        "cen_accuracy": 0.8219,
        "num_clients": 5,
        "accumulated_clients": 115
    },
    "24": {
        "loss": 0.4998706668234481,
        "cen_accuracy": 0.8253,
        "num_clients": 5,
        "accumulated_clients": 120
    },
    "25": {
        "loss": 0.4940127265719941,
        "cen_accuracy": 0.8284,
        "num_clients": 5,
        "accumulated_clients": 125
    },
    "26": {
        "loss": 0.49237163857625316,
        "cen_accuracy": 0.8249,
        "num_clients": 5,
        "accumulated_clients": 130
    },
    "27": {
        "loss": 0.4957614806703866,
        "cen_accuracy": 0.8352,
        "num_clients": 5,
        "accumulated_clients": 135
    },
    "28": {
        "loss": 0.4842752497226666,
        "cen_accuracy": 0.8402,
        "num_clients": 5,
        "accumulated_clients": 140
    },
    "29": {
        "loss": 0.485379395060265,
        "cen_accuracy": 0.8371,
        "num_clients": 5,
        "accumulated_clients": 145
    },
    "30": {
        "loss": 0.48023690797459967,
        "cen_accuracy": 0.8363,
        "num_clients": 5,
        "accumulated_clients": 150
    },
    "31": {
        "loss": 0.4761183392316008,
        "cen_accuracy": 0.8381,
        "num_clients": 5,
        "accumulated_clients": 155
    },
    "32": {
        "loss": 0.49296628733793385,
        "cen_accuracy": 0.8353,
        "num_clients": 5,
        "accumulated_clients": 160
    },
    "33": {
        "loss": 0.46621047464993814,
        "cen_accuracy": 0.8474,
        "num_clients": 5,
        "accumulated_clients": 165
    },
    "34": {
        "loss": 0.4859385039574041,
        "cen_accuracy": 0.8402,
        "num_clients": 5,
        "accumulated_clients": 170
    },
    "35": {
        "loss": 0.4792435626252391,
        "cen_accuracy": 0.8436,
        "num_clients": 5,
        "accumulated_clients": 175
    },
    "36": {
        "loss": 0.4826243190338817,
        "cen_accuracy": 0.8413,
        "num_clients": 5,
        "accumulated_clients": 180
    },
    "37": {
        "loss": 0.4575467448169812,
        "cen_accuracy": 0.84,
        "num_clients": 5,
        "accumulated_clients": 185
    },
    "38": {
        "loss": 0.4706247012836103,
        "cen_accuracy": 0.8477,
        "num_clients": 5,
        "accumulated_clients": 190
    },
    "39": {
        "loss": 0.4558410459575942,
        "cen_accuracy": 0.8409,
        "num_clients": 5,
        "accumulated_clients": 195
    },
    "40": {
        "loss": 0.48233132271435314,
        "cen_accuracy": 0.8391,
        "num_clients": 5,
        "accumulated_clients": 200
    },
    "41": {
        "loss": 0.4843776288885659,
        "cen_accuracy": 0.8451,
        "num_clients": 5,
        "accumulated_clients": 205
    },
    "42": {
        "loss": 0.4568906946780202,
        "cen_accuracy": 0.845,
        "num_clients": 5,
        "accumulated_clients": 210
    },
    "43": {
        "loss": 0.4818152219723589,
        "cen_accuracy": 0.8439,
        "num_clients": 5,
        "accumulated_clients": 215
    },
    "44": {
        "loss": 0.4620488465974887,
        "cen_accuracy": 0.8464,
        "num_clients": 5,
        "accumulated_clients": 220
    },
    "45": {
        "loss": 0.4549708244756769,
        "cen_accuracy": 0.8489,
        "num_clients": 5,
        "accumulated_clients": 225
    },
    "46": {
        "loss": 0.488102239256088,
        "cen_accuracy": 0.8498,
        "num_clients": 5,
        "accumulated_clients": 230
    },
    "47": {
        "loss": 0.4592892355240953,
        "cen_accuracy": 0.8487,
        "num_clients": 5,
        "accumulated_clients": 235
    },
    "48": {
        "loss": 0.46660246281102064,
        "cen_accuracy": 0.854,
        "num_clients": 5,
        "accumulated_clients": 240
    },
    "49": {
        "loss": 0.46906877992252194,
        "cen_accuracy": 0.8448,
        "num_clients": 5,
        "accumulated_clients": 245
    },
    "50": {
        "loss": 0.4855675385259211,
        "cen_accuracy": 0.8479,
        "num_clients": 5,
        "accumulated_clients": 250
    },
    "51": {
        "loss": 0.4565845537490357,
        "cen_accuracy": 0.8501,
        "num_clients": 5,
        "accumulated_clients": 255
    },
    "52": {
        "loss": 0.4488505941753189,
        "cen_accuracy": 0.8514,
        "num_clients": 5,
        "accumulated_clients": 260
    },
    "53": {
        "loss": 0.4598379009923996,
        "cen_accuracy": 0.8521,
        "num_clients": 5,
        "accumulated_clients": 265
    },
    "54": {
        "loss": 0.4713015548004129,
        "cen_accuracy": 0.8519,