{
    "0": {
        "loss": 2.3074423626969796,
        "cen_accuracy": 0.1
    },
    "1": {
        "loss": 2.227274924421463,
        "cen_accuracy": 0.322,
        "num_clients": 10,
        "accumulated_clients": 10
    },
    "2": {
        "loss": 1.1333314016604195,
        "cen_accuracy": 0.5741,
        "num_clients": 10,
        "accumulated_clients": 20
    },
    "3": {
        "loss": 0.9183559697656967,
        "cen_accuracy": 0.6436,
        "num_clients": 10,
        "accumulated_clients": 30
    },
    "4": {
        "loss": 0.8221755076330691,
        "cen_accuracy": 0.6733,
        "num_clients": 10,
        "accumulated_clients": 40
    },
    "5": {
        "loss": 0.7835698955165692,
        "cen_accuracy": 0.6984,
        "num_clients": 9,
        "accumulated_clients": 49
    },
    "6": {
        "loss": 0.7444782039037527,
        "cen_accuracy": 0.7067,
        "num_clients": 8,
        "accumulated_clients": 57
    },
    "7": {
        "loss": 0.7133695160428556,
        "cen_accuracy": 0.7247,
        "num_clients": 7,
        "accumulated_clients": 64
    },
    "8": {
        "loss": 0.6904887241867784,
        "cen_accuracy": 0.7336,
        "num_clients": 6,
        "accumulated_clients": 70
    },
    "9": {
        "loss": 0.6782536630432445,
        "cen_accuracy": 0.7351,
        "num_clients": 5,
        "accumulated_clients": 75
    },
    "10": {
        "loss": 0.6642725245830731,
        "cen_accuracy": 0.7449,
        "num_clients": 4,
        "accumulated_clients": 79
    },
    "11": {
        "loss": 0.6711553936949173,
        "cen_accuracy": 0.7383,
        "num_clients": 3,
        "accumulated_clients": 82
    },
    "12": {
        "loss": 0.6672043751794309,
        "cen_accuracy": 0.7484,
        "num_clients": 2,
        "accumulated_clients": 84
    },
    "13": {
        "loss": 0.6401204089768017,
        "cen_accuracy": 0.7564,
        "num_clients": 2,
        "accumulated_clients": 86
    },
    "14": {
        "loss": 0.6303121139066288,
        "cen_accuracy": 0.7699,
        "num_clients": 2,
        "accumulated_clients": 88
    },
    "15": {
        "loss": 0.6335075130097021,
        "cen_accuracy": 0.7611,
        "num_clients": 2,
        "accumulated_clients": 90
    },
    "16": {
        "loss": 0.6385184869693872,
        "cen_accuracy": 0.7571,
        "num_clients": 2,
        "accumulated_clients": 92
    },
    "17": {
        "loss": 0.636187672424621,
        "cen_accuracy": 0.7652,
        "num_clients": 2,
        "accumulated_clients": 94
    },
    "18": {
        "loss": 0.6512453137114406,
        "cen_accuracy": 0.7563,
        "num_clients": 2,
        "accumulated_clients": 96
    },
    "19": {
        "loss": 0.626903122701584,
        "cen_accuracy": 0.7644,
        "num_clients": 2,
        "accumulated_clients": 98
    },
    "20": {
        "loss": 0.6377176373911361,
        "cen_accuracy": 0.7705,
        "num_clients": 2,
        "accumulated_clients": 100
    },
    "21": {
        "loss": 0.5793924091723018,
        "cen_accuracy": 0.7906,
        "num_clients": 2,
        "accumulated_clients": 102
    },
    "22": {
        "loss": 0.6283943536468207,
        "cen_accuracy": 0.7622,
        "num_clients": 2,
        "accumulated_clients": 104
    },
    "23": {
        "loss": 0.5813391633784047,
        "cen_accuracy": 0.7865,
        "num_clients": 2,
        "accumulated_clients": 106
    },
    "24": {
        "loss": 0.5909067004347761,
        "cen_accuracy": 0.7881,
        "num_clients": 2,
        "accumulated_clients": 108
    },
    "25": {
        "loss": 0.673670760501688,
        "cen_accuracy": 0.7755,
        "num_clients": 2,
        "accumulated_clients": 110
    }
}