{
    "0": {
        "loss": 2.3059696838878594,
        "cen_accuracy": 0.0718
    },
    "1": {
        "loss": 1.5021223180210248,
        "cen_accuracy": 0.5402,
        "heterogeneity": 0.27695959764261835,
        "num_clients": 5,
        "accumulated_clients": 5
    },
    "2": {
        "loss": 0.8930048543614701,
        "cen_accuracy": 0.6595,
        "heterogeneity": 0.17572245013635235,
        "num_clients": 5,
        "accumulated_clients": 10
    },
    "3": {
        "loss": 0.7234018837301114,
        "cen_accuracy": 0.7319,
        "heterogeneity": 0.05704874103082547,
        "num_clients": 4,
        "accumulated_clients": 14
    },
    "4": {
        "loss": 0.6390495179369807,
        "cen_accuracy": 0.7568,
        "heterogeneity": 0.05926843383495617,
        "num_clients": 4,
        "accumulated_clients": 18
    },
    "5": {
        "loss": 0.5988071513252137,
        "cen_accuracy": 0.7732,
        "heterogeneity": 0.05507520211305417,
        "num_clients": 4,
        "accumulated_clients": 22
    },
    "6": {
        "loss": 0.5854383254774843,
        "cen_accuracy": 0.7738,
        "heterogeneity": 0.04717893428002995,
        "num_clients": 3,
        "accumulated_clients": 25
    },
    "7": {
        "loss": 0.5736461281300352,
        "cen_accuracy": 0.7801,
        "heterogeneity": 0.04876323159797591,
        "num_clients": 3,
        "accumulated_clients": 28
    },
    "8": {
        "loss": 0.555022521378895,
        "cen_accuracy": 0.7879,
        "heterogeneity": 0.05707406750558042,
        "num_clients": 3,
        "accumulated_clients": 31
    },
    "9": {
        "loss": 0.5408396460949042,
        "cen_accuracy": 0.7932,
        "heterogeneity": 0.04683160657875762,
        "num_clients": 3,
        "accumulated_clients": 34
    },
    "10": {
        "loss": 0.5510282724048383,
        "cen_accuracy": 0.792,
        "heterogeneity": 0.05243668584082739,
        "num_clients": 2,
        "accumulated_clients": 36
    },
    "11": {
        "loss": 0.5608393783672169,
        "cen_accuracy": 0.7894,
        "heterogeneity": 0.045976882666485475,
        "num_clients": 2,
        "accumulated_clients": 38
    },
    "12": {
        "loss": 0.5610922405038017,
        "cen_accuracy": 0.79,
        "heterogeneity": 0.044389256828198276,
        "num_clients": 2,
        "accumulated_clients": 40
    },
    "13": {
        "loss": 0.5478677666796663,
        "cen_accuracy": 0.7904,
        "heterogeneity": 0.03986326383195837,
        "num_clients": 2,
        "accumulated_clients": 42
    },
    "14": {
        "loss": 0.5487134197173408,
        "cen_accuracy": 0.7969,
        "heterogeneity": 0.042604993395625734,
        "num_clients": 3,
        "accumulated_clients": 45
    },
    "15": {
        "loss": 0.5453285175009658,
        "cen_accuracy": 0.7982,
        "heterogeneity": 0.04400402791997282,
        "num_clients": 3,
        "accumulated_clients": 48
    },
    "16": {
        "loss": 0.5234557038393265,
        "cen_accuracy": 0.8068,
        "heterogeneity": 0.04055807333347872,
        "num_clients": 3,
        "accumulated_clients": 51
    },
    "17": {
        "loss": 0.5412972792268942,
        "cen_accuracy": 0.8077,
        "heterogeneity": 0.04649845647988615,
        "num_clients": 3,
        "accumulated_clients": 54
    },
    "18": {
        "loss": 0.5862384096692546,
        "cen_accuracy": 0.797,
        "heterogeneity": 0.04435997330785979,
        "num_clients": 2,
        "accumulated_clients": 56
    },
    "19": {
        "loss": 0.5351778181692282,
        "cen_accuracy": 0.8163,
        "heterogeneity": 0.04389791820088085,
        "num_clients": 2,
        "accumulated_clients": 58
    },
    "20": {
        "loss": 0.5227454140925178,
        "cen_accuracy": 0.8099,
        "heterogeneity": 0.032039984394146015,
        "num_clients": 2,
        "accumulated_clients": 60
    },
    "21": {
        "loss": 0.5432401873623601,
        "cen_accuracy": 0.8156,
        "heterogeneity": 0.03457935549146607,
        "num_clients": 2,
        "accumulated_clients": 62
    },
    "22": {
        "loss": 0.5220017728809351,
        "cen_accuracy": 0.8128,
        "heterogeneity": 0.0386251278871782,
        "num_clients": 2,
        "accumulated_clients": 64
    },
    "23": {
        "loss": 0.5390442183223395,
        "cen_accuracy": 0.8078,
        "heterogeneity": 0.029510728020439414,
        "num_clients": 2,
        "accumulated_clients": 66
    },
    "24": {
        "loss": 0.5442474143335614,
        "cen_accuracy": 0.8106,
        "heterogeneity": 0.035472731708637184,
        "num_clients": 2,
        "accumulated_clients": 68
    },
    "25": {
        "loss": 0.5418519712389468,
        "cen_accuracy": 0.8137,
        "heterogeneity": 0.04413042562747749,
        "num_clients": 2,
        "accumulated_clients": 70
    },
    "26": {
        "loss": 0.5871357074418007,
        "cen_accuracy": 0.8129,
        "heterogeneity": 0.03121783361506325,
        "num_clients": 2,
        "accumulated_clients": 72
    },
    "27": {
        "loss": 0.5183161231704032,
        "cen_accuracy": 0.8183,
        "heterogeneity": 0.03437573660735549,
        "num_clients": 2,
        "accumulated_clients": 74
    },
    "28": {
        "loss": 0.5443214269015736,
        "cen_accuracy": 0.8177,
        "heterogeneity": 0.027394679752518525,
        "num_clients": 2,
        "accumulated_clients": 76
    },
    "29": {
        "loss": 0.5092782924255244,
        "cen_accuracy": 0.822,
        "heterogeneity": 0.04114235689879775,
        "num_clients": 2,
        "accumulated_clients": 78
    },
    "30": {
        "loss": 0.5457467571757852,
        "cen_accuracy": 0.8091,
        "heterogeneity": 0.029611650473529205,
        "num_clients": 2,
        "accumulated_clients": 80
    },
    "31": {
        "loss": 0.5123550315348866,
        "cen_accuracy": 0.8237,
        "heterogeneity": 0.031213030459524393,
        "num_clients": 2,
        "accumulated_clients": 82
    },
    "32": {
        "loss": 0.48621970629349304,
        "cen_accuracy": 0.8322,
        "heterogeneity": 0.03953626855214287,
        "num_clients": 2,
        "accumulated_clients": 84
    },
    "33": {
        "loss": 0.508920062273836,
        "cen_accuracy": 0.8193,
        "heterogeneity": 0.032616612543823975,
        "num_clients": 2,
        "accumulated_clients": 86
    },
    "34": {
        "loss": 0.5392597906600934,
        "cen_accuracy": 0.8232,
        "heterogeneity": 0.039658675228483875,
        "num_clients": 2,
        "accumulated_clients": 88
    },
    "35": {
        "loss": 0.5122701808953056,
        "cen_accuracy": 0.8185,
        "heterogeneity": 0.032192982525284464,
        "num_clients": 2,
        "accumulated_clients": 90
    },
    "36": {
        "loss": 0.5369892177014305,
        "cen_accuracy": 0.8165,
        "heterogeneity": 0.03883683090015,
        "num_clients": 2,
        "accumulated_clients": 92
    },
    "37": {
        "loss": 0.5099766939021528,
        "cen_accuracy": 0.8316,
        "heterogeneity": 0.04253747601105329,
        "num_clients": 2,
        "accumulated_clients": 94
    },
    "38": {
        "loss": 0.5241431044027828,
        "cen_accuracy": 0.8245,
        "heterogeneity": 0.028659226531381532,
        "num_clients": 2,
        "accumulated_clients": 96
    },
    "39": {
        "loss": 0.5199280200294032,
        "cen_accuracy": 0.8259,
        "heterogeneity": 0.036752194683339234,
        "num_clients": 2,
        "accumulated_clients": 98
    },
    "40": {
        "loss": 0.4998423117703904,
        "cen_accuracy": 0.8364,
        "heterogeneity": 0.022519211596528255,
        "num_clients": 2,
        "accumulated_clients": 100
    },
    "41": {
        "loss": 0.5059419901797566,
        "cen_accuracy": 0.8359,
        "heterogeneity": 0.025327993925457926,
        "num_clients": 2,
        "accumulated_clients": 102
    },