{
    "0": {
        "loss": 2.3040815824136947,
        "cen_accuracy": 0.1012
    },
    "1": {
        "loss": 2.0754514395619355,
        "cen_accuracy": 0.3268,
        "num_clients": 5,
        "accumulated_clients": 5
    },
    "2": {
        "loss": 1.9054988135164157,
        "cen_accuracy": 0.3857,
        "num_clients": 5,
        "accumulated_clients": 10
    },
    "3": {
        "loss": 1.6253609992444706,
        "cen_accuracy": 0.5046,
        "num_clients": 5,
        "accumulated_clients": 15
    },
    "4": {
        "loss": 1.2593264170348073,
        "cen_accuracy": 0.5561,
        "num_clients": 5,
        "accumulated_clients": 20
    },
    "5": {
        "loss": 1.2881343741767324,
        "cen_accuracy": 0.5215,
        "num_clients": 5,
        "accumulated_clients": 25
    },
    "6": {
        "loss": 1.200255160514539,
        "cen_accuracy": 0.5207,
        "num_clients": 5,
        "accumulated_clients": 30
    },
    "7": {
        "loss": 1.1007372289419937,
        "cen_accuracy": 0.4989,
        "num_clients": 5,
        "accumulated_clients": 35
    },
    "8": {
        "loss": 1.0011719134859383,
        "cen_accuracy": 0.6154,
        "num_clients": 5,
        "accumulated_clients": 40
    },
    "9": {
        "loss": 0.8197072510140392,
        "cen_accuracy": 0.7321,
        "num_clients": 5,
        "accumulated_clients": 45
    },
    "10": {
        "loss": 1.0648575754592213,
        "cen_accuracy": 0.5317,
        "num_clients": 5,
        "accumulated_clients": 50
    },
    "11": {
        "loss": 0.8553103950267402,
        "cen_accuracy": 0.6433,
        "num_clients": 5,
        "accumulated_clients": 55
    },
    "12": {
        "loss": 0.9859949656949637,
        "cen_accuracy": 0.6486,
        "num_clients": 5,
        "accumulated_clients": 60
    },
    "13": {
        "loss": 0.7981176126879245,
        "cen_accuracy": 0.7116,
        "num_clients": 5,
        "accumulated_clients": 65
    },
    "14": {
        "loss": 0.815549787145834,
        "cen_accuracy": 0.6593,
        "num_clients": 5,
        "accumulated_clients": 70
    },
    "15": {
        "loss": 1.0703496332176197,
        "cen_accuracy": 0.6039,
        "num_clients": 5,
        "accumulated_clients": 75
    },
    "16": {
        "loss": 0.7514763365919217,
        "cen_accuracy": 0.7271,
        "num_clients": 5,
        "accumulated_clients": 80
    },
    "17": {
        "loss": 0.8128239701921567,
        "cen_accuracy": 0.6642,
        "num_clients": 5,
        "accumulated_clients": 85
    },
    "18": {
        "loss": 0.6932956363065556,
        "cen_accuracy": 0.7318,
        "num_clients": 5,
        "accumulated_clients": 90
    },
    "19": {
        "loss": 0.6347952512696909,
        "cen_accuracy": 0.7435,
        "num_clients": 5,
        "accumulated_clients": 95
    },
    "20": {
        "loss": 0.6289729710204152,
        "cen_accuracy": 0.7162,
        "num_clients": 5,
        "accumulated_clients": 100
    },
    "21": {
        "loss": 0.6360640072594055,
        "cen_accuracy": 0.7456,
        "num_clients": 5,
        "accumulated_clients": 105
    },
    "22": {
        "loss": 0.6821119331132871,
        "cen_accuracy": 0.7177,
        "num_clients": 5,
        "accumulated_clients": 110
    },
    "23": {
        "loss": 0.6604984913961575,
        "cen_accuracy": 0.7037,
        "num_clients": 5,
        "accumulated_clients": 115
    },
    "24": {
        "loss": 0.8044266399864952,
        "cen_accuracy": 0.6764,
        "num_clients": 5,
        "accumulated_clients": 120
    },
    "25": {
        "loss": 0.799802158682491,
        "cen_accuracy": 0.7055,
        "num_clients": 5,
        "accumulated_clients": 125
    },
    "26": {
        "loss": 0.7707318038986133,
        "cen_accuracy": 0.6889,
        "num_clients": 5,
        "accumulated_clients": 130
    },
    "27": {
        "loss": 0.8469054763690351,
        "cen_accuracy": 0.6592,
        "num_clients": 5,
        "accumulated_clients": 135
    },
    "28": {
        "loss": 0.6709369218197113,
        "cen_accuracy": 0.7507,
        "num_clients": 5,
        "accumulated_clients": 140
    },
    "29": {
        "loss": 0.7127994146590797,
        "cen_accuracy": 0.7074,
        "num_clients": 5,
        "accumulated_clients": 145
    },
    "30": {
        "loss": 0.6740216751353809,
        "cen_accuracy": 0.7288,
        "num_clients": 5,
        "accumulated_clients": 150
    },
    "31": {
        "loss": 0.5646039339871453,
        "cen_accuracy": 0.7842,
        "num_clients": 5,
        "accumulated_clients": 155
    },
    "32": {
        "loss": 0.6144398967869366,
        "cen_accuracy": 0.7578,
        "num_clients": 5,
        "accumulated_clients": 160
    },
    "33": {
        "loss": 0.6117441408074321,
        "cen_accuracy": 0.7714,
        "num_clients": 5,
        "accumulated_clients": 165
    },
    "34": {
        "loss": 0.5995362530501125,
        "cen_accuracy": 0.7723,
        "num_clients": 5,
        "accumulated_clients": 170
    },
    "35": {
        "loss": 0.6916583485115831,
        "cen_accuracy": 0.7378,
        "num_clients": 5,
        "accumulated_clients": 175
    },
    "36": {
        "loss": 1.0332166435429082,
        "cen_accuracy": 0.7029,
        "num_clients": 5,
        "accumulated_clients": 180
    },
    "37": {
        "loss": 0.824918803410789,
        "cen_accuracy": 0.724,
        "num_clients": 5,
        "accumulated_clients": 185
    },
    "38": {
        "loss": 0.691276818847123,
        "cen_accuracy": 0.7066,
        "num_clients": 5,
        "accumulated_clients": 190
    },
    "39": {
        "loss": 0.7153954794422125,
        "cen_accuracy": 0.7222,
        "num_clients": 5,
        "accumulated_clients": 195
    },
    "40": {
        "loss": 0.673509336746158,
        "cen_accuracy": 0.7211,
        "num_clients": 5,
        "accumulated_clients": 200
    },
    "41": {
        "loss": 0.5895247000474899,
        "cen_accuracy": 0.7627,
        "num_clients": 5,
        "accumulated_clients": 205
    },
    "42": {
        "loss": 0.6392453258601241,
        "cen_accuracy": 0.7358,
        "num_clients": 5,
        "accumulated_clients": 210
    },
    "43": {
        "loss": 0.6392441703298222,
        "cen_accuracy": 0.7449,
        "num_clients": 5,
        "accumulated_clients": 215
    },
    "44": {
        "loss": 0.610491891162464,
        "cen_accuracy": 0.7673,
        "num_clients": 5,
        "accumulated_clients": 220
    },
    "45": {
        "loss": 0.5724491748851709,
        "cen_accuracy": 0.7701,
        "num_clients": 5,
        "accumulated_clients": 225
    },
    "46": {
        "loss": 0.6047276245614591,
        "cen_accuracy": 0.7499,
        "num_clients": 5,
        "accumulated_clients": 230
    },
    "47": {
        "loss": 0.625610930470232,
        "cen_accuracy": 0.7308,
        "num_clients": 5,
        "accumulated_clients": 235
    },
    "48": {
        "loss": 0.5749934347578511,
        "cen_accuracy": 0.7518,
        "num_clients": 5,
        "accumulated_clients": 240
    },
    "49": {
        "loss": 0.5623593286584361,
        "cen_accuracy": 0.802,
        "num_clients": 5,
        "accumulated_clients": 245
    },
    "50": {
        "loss": 0.5405826025877517,
        "cen_accuracy": 0.769,
        "num_clients": 5,
        "accumulated_clients": 250
    },
    "51": {
        "loss": 0.5359730515807581,
        "cen_accuracy": 0.8004,
        "num_clients": 5,
        "accumulated_clients": 255
    },
    "52": {
        "loss": 0.6445630979709351,
        "cen_accuracy": 0.7301,
        "num_clients": 5,
        "accumulated_clients": 260
    },
    "53": {
        "loss": 0.617030821669216,
        "cen_accuracy": 0.7503,
        "num_clients": 5,
        "accumulated_clients": 265
    },
    "54": {
        "loss": 0.5622157447349531,
        "cen_accuracy": 0.7792,
        "num_clients": 5,