{
    "0": {
        "loss": 2.303573555839709,
        "cen_accuracy": 0.1
    },
    "1": {
        "loss": 2.303573555839709,
        "cen_accuracy": 0.1,
        "num_clients": 0,
        "accumulated_clients": 0
    }
}