{
    "0": {
        "loss": 2.3040815824136947,
        "cen_accuracy": 0.1012
    },
    "1": {
        "loss": 2.075911100680074,
        "cen_accuracy": 0.2848,
        "heterogeneity": 0.359646876378084,
        "num_clients": 10,
        "accumulated_clients": 10
    },
    "2": {
        "loss": 1.6099622264837685,
        "cen_accuracy": 0.5543,
        "heterogeneity": 0.2428988702109477,
        "num_clients": 10,
        "accumulated_clients": 20
    },
    "3": {
        "loss": 1.4035097183510898,
        "cen_accuracy": 0.5015,
        "heterogeneity": 0.194135995402412,
        "num_clients": 9,
        "accumulated_clients": 29
    },
    "4": {
        "loss": 1.2450745745588796,
        "cen_accuracy": 0.5414,
        "heterogeneity": 0.1652637763597613,
        "num_clients": 9,
        "accumulated_clients": 38
    },
    "5": {
        "loss": 1.0751495195653873,
        "cen_accuracy": 0.5918,
        "heterogeneity": 0.21976054428714265,
        "num_clients": 9,
        "accumulated_clients": 47
    },
    "6": {
        "loss": 0.941844028405869,
        "cen_accuracy": 0.6378,
        "heterogeneity": 0.18637931175238243,
        "num_clients": 8,
        "accumulated_clients": 55
    },
    "7": {
        "loss": 0.9313661494194129,
        "cen_accuracy": 0.6202,
        "heterogeneity": 0.18507108345822776,
        "num_clients": 8,
        "accumulated_clients": 63
    },
    "8": {
        "loss": 1.0167346166345639,
        "cen_accuracy": 0.6282,
        "heterogeneity": 0.2602420139538204,
        "num_clients": 8,
        "accumulated_clients": 71
    },
    "9": {
        "loss": 0.9420459118133155,
        "cen_accuracy": 0.6586,
        "heterogeneity": 0.1813801185383508,
        "num_clients": 8,
        "accumulated_clients": 79
    },
    "10": {
        "loss": 0.8297202768988503,
        "cen_accuracy": 0.7005,
        "heterogeneity": 0.24434817817984134,
        "num_clients": 7,
        "accumulated_clients": 86
    },
    "11": {
        "loss": 0.6981309750400031,
        "cen_accuracy": 0.7372,
        "heterogeneity": 0.17654312450711762,
        "num_clients": 7,
        "accumulated_clients": 93
    },
    "12": {
        "loss": 0.7599297052564712,
        "cen_accuracy": 0.6919,
        "heterogeneity": 0.22709842661908686,
        "num_clients": 7,
        "accumulated_clients": 100
    },
    "13": {
        "loss": 0.7906828475074646,
        "cen_accuracy": 0.6789,
        "heterogeneity": 0.16826097857951705,
        "num_clients": 7,
        "accumulated_clients": 107
    },
    "14": {
        "loss": 0.9104404957911458,
        "cen_accuracy": 0.7101,
        "heterogeneity": 0.28956862880409695,
        "num_clients": 8,
        "accumulated_clients": 115
    },
    "15": {
        "loss": 0.7699539544292913,
        "cen_accuracy": 0.6527,
        "heterogeneity": 0.2216031637408813,
        "num_clients": 8,
        "accumulated_clients": 123
    },
    "16": {
        "loss": 0.7113547711707533,
        "cen_accuracy": 0.7034,
        "heterogeneity": 0.21157868542971137,
        "num_clients": 9,
        "accumulated_clients": 132
    },
    "17": {
        "loss": 0.674086058101715,
        "cen_accuracy": 0.7315,
        "heterogeneity": 0.21188191414760837,
        "num_clients": 9,
        "accumulated_clients": 141
    },
    "18": {
        "loss": 0.6181924475458103,
        "cen_accuracy": 0.7494,
        "heterogeneity": 0.18961711007894666,
        "num_clients": 8,
        "accumulated_clients": 149
    },
    "19": {
        "loss": 0.698717475032654,
        "cen_accuracy": 0.7176,
        "heterogeneity": 0.16959819996032555,
        "num_clients": 8,
        "accumulated_clients": 157
    },
    "20": {
        "loss": 0.6072199642658234,
        "cen_accuracy": 0.7706,
        "heterogeneity": 0.13280139096878607,
        "num_clients": 8,
        "accumulated_clients": 165
    },
    "21": {
        "loss": 0.5628501973308313,
        "cen_accuracy": 0.7862,
        "heterogeneity": 0.12752551747574348,
        "num_clients": 7,
        "accumulated_clients": 172
    },
    "22": {
        "loss": 0.6908211713781753,
        "cen_accuracy": 0.7383,
        "heterogeneity": 0.15454803507220083,
        "num_clients": 7,
        "accumulated_clients": 179
    },
    "23": {
        "loss": 0.6981200234958539,
        "cen_accuracy": 0.7273,
        "heterogeneity": 0.15058330736060754,
        "num_clients": 7,
        "accumulated_clients": 186
    },
    "24": {
        "loss": 0.6104892923618658,
        "cen_accuracy": 0.757,
        "heterogeneity": 0.14709695202050366,
        "num_clients": 7,
        "accumulated_clients": 193
    },
    "25": {
        "loss": 0.558089898226741,
        "cen_accuracy": 0.7813,
        "heterogeneity": 0.12111769652202398,
        "num_clients": 8,
        "accumulated_clients": 201
    },
    "26": {
        "loss": 0.5429818144145484,
        "cen_accuracy": 0.794,
        "heterogeneity": 0.13124961439672556,
        "num_clients": 8,
        "accumulated_clients": 209
    },
    "27": {
        "loss": 0.6998476991638208,
        "cen_accuracy": 0.6507,
        "heterogeneity": 0.13358750408654907,
        "num_clients": 8,
        "accumulated_clients": 217
    },
    "28": {
        "loss": 0.6589652228469666,
        "cen_accuracy": 0.7351,
        "heterogeneity": 0.14740366902086743,
        "num_clients": 8,
        "accumulated_clients": 225
    },
    "29": {
        "loss": 0.666107956784221,
        "cen_accuracy": 0.7476,
        "heterogeneity": 0.1804091586778631,
        "num_clients": 9,
        "accumulated_clients": 234
    },
    "30": {
        "loss": 0.6841462184065066,
        "cen_accuracy": 0.7398,
        "heterogeneity": 0.1787893868663647,
        "num_clients": 9,
        "accumulated_clients": 243
    },
    "31": {
        "loss": 0.5678020718569954,
        "cen_accuracy": 0.7549,
        "heterogeneity": 0.15466993588397415,
        "num_clients": 10,
        "accumulated_clients": 253
    },
    "32": {
        "loss": 0.5456510559438517,
        "cen_accuracy": 0.7775,
        "heterogeneity": 0.14455870201777732,
        "num_clients": 10,
        "accumulated_clients": 263
    },
    "33": {
        "loss": 0.5824165422314653,
        "cen_accuracy": 0.7563,
        "heterogeneity": 0.21331345336959584,
        "num_clients": 9,
        "accumulated_clients": 272
    },
    "34": {
        "loss": 0.6180149253945761,
        "cen_accuracy": 0.7392,
        "heterogeneity": 0.15158657723396995,
        "num_clients": 9,
        "accumulated_clients": 281
    },
    "35": {
        "loss": 0.6664800088816938,
        "cen_accuracy": 0.7084,
        "heterogeneity": 0.17477037022414998,
        "num_clients": 9,
        "accumulated_clients": 290
    },
    "36": {
        "loss": 0.5296862704780536,
        "cen_accuracy": 0.8016,
        "heterogeneity": 0.1593740158812571,
        "num_clients": 10,
        "accumulated_clients": 300
    },
    "37": {
        "loss": 0.5309734559192444,
        "cen_accuracy": 0.8073,
        "heterogeneity": 0.12209142551244534,
        "num_clients": 10,
        "accumulated_clients": 310
    },
    "38": {
        "loss": 0.6365360375791312,
        "cen_accuracy": 0.7005,
        "heterogeneity": 0.15470039887045173,
        "num_clients": 9,
        "accumulated_clients": 319
    },
    "39": {
        "loss": 0.6585598631312672,
        "cen_accuracy": 0.7417,
        "heterogeneity": 0.16847258627881978,
        "num_clients": 9,
        "accumulated_clients": 328
    },
    "40": {
        "loss": 0.5062563792109108,
        "cen_accuracy": 0.8016,
        "heterogeneity": 0.16787760422582865,
        "num_clients": 8,
        "accumulated_clients": 336
    },
    "41": {
        "loss": 0.5891337613232981,
        "cen_accuracy": 0.7658,
        "heterogeneity": 0.18278002927762937,
        "num_clients": 8,