{
    "0": {
        "loss": 2.303798935283868,
        "cen_accuracy": 0.1
    },
    "1": {
        "loss": 2.304775693546088,
        "cen_accuracy": 0.1
    },
    "2": {
        "loss": 2.3064881856449113,
        "cen_accuracy": 0.1
    },
    "3": {
        "loss": 2.3130167002875965,
        "cen_accuracy": 0.1
    },
    "4": {
        "loss": 2.329133070315035,
        "cen_accuracy": 0.1
    },
    "5": {
        "loss": 2.3249824298456456,
        "cen_accuracy": 0.1082
    },
    "6": {
        "loss": 2.3195287701420892,
        "cen_accuracy": 0.1478
    },
    "7": {
        "loss": 2.3167731990448583,
        "cen_accuracy": 0.1141
    },
    "8": {
        "loss": 2.321129555900257,
        "cen_accuracy": 0.0976
    },
    "9": {
        "loss": 2.2949313096725903,
        "cen_accuracy": 0.1
    },
    "10": {
        "loss": 2.291350414196904,
        "cen_accuracy": 0.1112
    },
    "11": {
        "loss": 2.3078835002911355,
        "cen_accuracy": 0.1609
    },
    "12": {
        "loss": 2.267647856721482,
        "cen_accuracy": 0.1094
    },
    "13": {
        "loss": 2.2096239111294,
        "cen_accuracy": 0.1784
    },
    "14": {
        "loss": 2.176016514293683,
        "cen_accuracy": 0.1464
    },
    "15": {
        "loss": 2.081760093426933,
        "cen_accuracy": 0.1638
    },
    "16": {
        "loss": 2.093587699408729,
        "cen_accuracy": 0.1979
    },
    "17": {
        "loss": 2.0148234195983448,
        "cen_accuracy": 0.2059
    },
    "18": {
        "loss": 2.0224883723944522,
        "cen_accuracy": 0.1729
    },
    "19": {
        "loss": 2.014506826766383,
        "cen_accuracy": 0.182
    },
    "20": {
        "loss": 1.9992448761821173,
        "cen_accuracy": 0.2453
    },
    "21": {
        "loss": 1.9969873241723155,
        "cen_accuracy": 0.2034
    },
    "22": {
        "loss": 1.9496465494838386,
        "cen_accuracy": 0.2212
    },
    "23": {
        "loss": 1.992890602483536,
        "cen_accuracy": 0.2272
    },
    "24": {
        "loss": 1.967927193108458,
        "cen_accuracy": 0.2224
    },
    "25": {
        "loss": 1.9839702143836706,
        "cen_accuracy": 0.2313
    },
    "26": {
        "loss": 2.009537714738815,
        "cen_accuracy": 0.2253
    },
    "27": {
        "loss": 1.95661419991868,
        "cen_accuracy": 0.2165
    },
    "28": {
        "loss": 1.9992052126235473,
        "cen_accuracy": 0.1885
    },
    "29": {
        "loss": 1.9677359791228566,
        "cen_accuracy": 0.1955
    },
    "30": {
        "loss": 2.0314668881626554,
        "cen_accuracy": 0.187
    },
    "31": {
        "loss": 1.9947436080573084,
        "cen_accuracy": 0.2216
    },
    "32": {
        "loss": 1.9576530734571025,
        "cen_accuracy": 0.2377
    },
    "33": {
        "loss": 1.8874208161625237,
        "cen_accuracy": 0.2475
    },
    "34": {
        "loss": 1.9673968199342966,
        "cen_accuracy": 0.2126
    },
    "35": {
        "loss": 1.9961878137466627,
        "cen_accuracy": 0.2152
    },
    "36": {
        "loss": 1.9021771338801035,
        "cen_accuracy": 0.2465
    },
    "37": {
        "loss": 1.8963313316003965,
        "cen_accuracy": 0.244
    },
    "38": {
        "loss": 1.8958354335242567,
        "cen_accuracy": 0.2955
    },
    "39": {
        "loss": 2.0877656289182913,
        "cen_accuracy": 0.2041
    },
    "40": {
        "loss": 1.8854005580512099,
        "cen_accuracy": 0.2767
    },
    "41": {
        "loss": 2.06369612125543,
        "cen_accuracy": 0.2252
    },
    "42": {
        "loss": 1.8751186185751478,
        "cen_accuracy": 0.2693
    },
    "43": {
        "loss": 1.807640345713582,
        "cen_accuracy": 0.2941
    },
    "44": {
        "loss": 2.0232420131421316,
        "cen_accuracy": 0.2439
    },
    "45": {
        "loss": 1.9251928150463409,
        "cen_accuracy": 0.2439
    },
    "46": {
        "loss": 1.9259741214898447,
        "cen_accuracy": 0.2535
    },
    "47": {
        "loss": 2.0561030025299365,
        "cen_accuracy": 0.2534
    },
    "48": {
        "loss": 1.9318155819615617,
        "cen_accuracy": 0.2567
    },
    "49": {
        "loss": 2.0024952903723183,
        "cen_accuracy": 0.2257
    },
    "50": {
        "loss": 2.1749204793296304,
        "cen_accuracy": 0.2074
    },
    "51": {
        "loss": 2.037932613025458,
        "cen_accuracy": 0.2522
    },
    "52": {
        "loss": 2.558099053919125,
        "cen_accuracy": 0.2323
    },
    "53": {
        "loss": 2.28736271035557,
        "cen_accuracy": 0.2158
    },
    "54": {
        "loss": 2.003135434354837,
        "cen_accuracy": 0.2408
    },
    "55": {
        "loss": 1.8108270891939109,
        "cen_accuracy": 0.2941
    },
    "56": {
        "loss": 2.283882774103183,
        "cen_accuracy": 0.2358
    },
    "57": {
        "loss": 2.109488036304998,
        "cen_accuracy": 0.1991
    },
    "58": {
        "loss": 1.880116222765499,
        "cen_accuracy": 0.2626
    },
    "59": {
        "loss": 3.6347546447961094,
        "cen_accuracy": 0.2083
    },
    "60": {
        "loss": 1.9402031384337062,
        "cen_accuracy": 0.2564
    },
    "61": {
        "loss": 2.103834647340135,
        "cen_accuracy": 0.2186
    },
    "62": {
        "loss": 2.611577681078317,
        "cen_accuracy": 0.2871
    },
    "63": {
        "loss": 2.2291669997925196,
        "cen_accuracy": 0.1897
    },
    "64": {
        "loss": 3.9414532656867665,
        "cen_accuracy": 0.1211
    },
    "65": {
        "loss": 2.1634279897037785,
        "cen_accuracy": 0.1693
    },
    "66": {
        "loss": 2.6869152460616235,
        "cen_accuracy": 0.1314
    },
    "67": {
        "loss": 3.0504680148328838,
        "cen_accuracy": 0.1479
    },
    "68": {
        "loss": 2.2261461716490434,
        "cen_accuracy": 0.1786
    },
    "69": {
        "loss": 2.0863925687040386,
        "cen_accuracy": 0.182
    },
    "70": {
        "loss": 2.461218179986119,
        "cen_accuracy": 0.2183
    },
    "71": {
        "loss": 1.9553853364798208,
        "cen_accuracy": 0.2517
    },
    "72": {
        "loss": 2.703890417330562,
        "cen_accuracy": 0.1796
    },
    "73": {
        "loss": 2.383002680711472,
        "cen_accuracy": 0.1902
    },
    "74": {
        "loss": 1.9473315355495904,
        "cen_accuracy": 0.2448
    },
    "75": {
        "loss": 1.9781532264746036,
        "cen_accuracy": 0.2723
    },
    "76": {
        "loss": 2.406971690372918,
        "cen_accuracy": 0.2108
    },
    "77": {
        "loss": 3.062608371527431,
        "cen_accuracy": 0.1371
    },
    "78": {
        "loss": 2.894113553598666,
        "cen_accuracy": 0.2366
    },
    "79": {
        "loss": 2.0459258011735666,
        "cen_accuracy": 0.2557
    },
    "80": {
        "loss": 1.9473386066028486,
        "cen_accuracy": 0.2699
    },
    "81": {
        "loss": 2.364548508351603,
        "cen_accuracy": 0.2045
    },
    "82": {
        "loss": 2.263676356202878,
        "cen_accuracy": 0.2056
    },
    "83": {
        "loss": 2.423105559790858,
        "cen_accuracy": 0.2098
    },
    "84": {
        "loss": 1.9670318707871361,
        "cen_accuracy": 0.2535
    },
    "85": {
        "loss": 1.960971353914791,
        "cen_accuracy": 0.2591
    },
    "86": {
        "loss": 2.4138985571389,
        "cen_accuracy": 0.2653
    },
    "87": {
        "loss": 2.0863535594635496,
        "cen_accuracy": 0.2221
    },
    "88": {
        "loss": 2.147284575163747,
        "cen_accuracy": 0.2331
    },
    "89": {
        "loss": 3.752655366739145,
        "cen_accuracy": 0.1543
    },
    "90": {
        "loss": 2.447415794046542,
        "cen_accuracy": 0.1747
    },
    "91": {
        "loss": 2.167331679560506,
        "cen_accuracy": 0.2348
    },
    "92": {
        "loss": 2.1574701204086644,
        "cen_accuracy": 0.2137
    },
    "93": {
        "loss": 2.4978184692395,