{
    "0": {
        "loss": 2.302827714920044,
        "cen_accuracy": 0.1
    },
    "1": {
        "loss": 2.3020106384277343,
        "cen_accuracy": 0.1089,
        "heterogeneity": 0.0014849796783901192,
        "num_clients": 10,
        "accumulated_clients": 10
    },
    "2": {
        "loss": 2.285053468322754,
        "cen_accuracy": 0.1479,
        "heterogeneity": 0.0009750435795539136,
        "num_clients": 10,
        "accumulated_clients": 20
    },
    "3": {
        "loss": 2.2115078540802,
        "cen_accuracy": 0.1968,
        "heterogeneity": 0.0008991558021753665,
        "num_clients": 9,
        "accumulated_clients": 29
    },
    "4": {
        "loss": 1.9900004959106445,
        "cen_accuracy": 0.2729,
        "heterogeneity": 0.0008289481116547925,
        "num_clients": 9,
        "accumulated_clients": 38
    },
    "5": {
        "loss": 1.9331442775726317,
        "cen_accuracy": 0.2695,
        "heterogeneity": 0.0008172093520624202,
        "num_clients": 9,
        "accumulated_clients": 47
    },
    "6": {
        "loss": 1.8260307357788086,
        "cen_accuracy": 0.3208,
        "heterogeneity": 0.000772140160699597,
        "num_clients": 8,
        "accumulated_clients": 55
    },
    "7": {
        "loss": 1.826277929496765,
        "cen_accuracy": 0.3036,
        "heterogeneity": 0.0007637634155165385,
        "num_clients": 8,
        "accumulated_clients": 63
    },
    "8": {
        "loss": 1.7015780052185059,
        "cen_accuracy": 0.3562,
        "heterogeneity": 0.0007863089688342484,
        "num_clients": 8,
        "accumulated_clients": 71
    },
    "9": {
        "loss": 1.73128687210083,
        "cen_accuracy": 0.3516,
        "heterogeneity": 0.0007542431418684492,
        "num_clients": 8,
        "accumulated_clients": 79
    },
    "10": {
        "loss": 1.6776802381515503,
        "cen_accuracy": 0.3628,
        "heterogeneity": 0.0007968021330535535,
        "num_clients": 7,
        "accumulated_clients": 86
    },
    "11": {
        "loss": 1.611141145324707,
        "cen_accuracy": 0.3895,
        "heterogeneity": 0.0007506247216164663,
        "num_clients": 7,
        "accumulated_clients": 93
    },
    "12": {
        "loss": 1.605463045501709,
        "cen_accuracy": 0.4155,
        "heterogeneity": 0.0008084718950092107,
        "num_clients": 7,
        "accumulated_clients": 100
    },
    "13": {
        "loss": 1.5733884635925293,
        "cen_accuracy": 0.4161,
        "heterogeneity": 0.0008192057492385496,
        "num_clients": 7,
        "accumulated_clients": 107
    },
    "14": {
        "loss": 1.6128504388809204,
        "cen_accuracy": 0.3939,
        "heterogeneity": 0.0008496631396968102,
        "num_clients": 7,
        "accumulated_clients": 114
    },
    "15": {
        "loss": 1.4858155227661132,
        "cen_accuracy": 0.4559,
        "heterogeneity": 0.0008869983599958386,
        "num_clients": 6,
        "accumulated_clients": 120
    },
    "16": {
        "loss": 1.5382874794006347,
        "cen_accuracy": 0.4366,
        "heterogeneity": 0.0009051021276786919,
        "num_clients": 6,
        "accumulated_clients": 126
    },
    "17": {
        "loss": 1.4807203994750977,
        "cen_accuracy": 0.4561,
        "heterogeneity": 0.0008113528642474943,
        "num_clients": 6,
        "accumulated_clients": 132
    },
    "18": {
        "loss": 1.4666700981140137,
        "cen_accuracy": 0.4538,
        "heterogeneity": 0.0008073275687068282,
        "num_clients": 6,
        "accumulated_clients": 138
    },
    "19": {
        "loss": 1.4191454193115234,
        "cen_accuracy": 0.4811,
        "heterogeneity": 0.0008683595315120973,
        "num_clients": 6,
        "accumulated_clients": 144
    },
    "20": {
        "loss": 1.4774685710906983,
        "cen_accuracy": 0.4536,
        "heterogeneity": 0.0008050417665771414,
        "num_clients": 5,
        "accumulated_clients": 149
    },
    "21": {
        "loss": 1.426395259475708,
        "cen_accuracy": 0.4809,
        "heterogeneity": 0.0008398332220085347,
        "num_clients": 5,
        "accumulated_clients": 154
    },
    "22": {
        "loss": 1.381782999229431,
        "cen_accuracy": 0.4934,
        "heterogeneity": 0.000878784274852662,
        "num_clients": 5,
        "accumulated_clients": 159
    },
    "23": {
        "loss": 1.424333135986328,
        "cen_accuracy": 0.4765,
        "heterogeneity": 0.0008850053272299041,
        "num_clients": 5,
        "accumulated_clients": 164
    },
    "24": {
        "loss": 1.439461202812195,
        "cen_accuracy": 0.4733,
        "heterogeneity": 0.0008254146022629305,
        "num_clients": 5,
        "accumulated_clients": 169
    },
    "25": {
        "loss": 1.3911242971420288,
        "cen_accuracy": 0.4906,
        "heterogeneity": 0.0008651786974255282,
        "num_clients": 4,
        "accumulated_clients": 173
    },
    "26": {
        "loss": 1.3832924312591552,
        "cen_accuracy": 0.492,
        "heterogeneity": 0.0008515797333893405,
        "num_clients": 4,
        "accumulated_clients": 177
    },
    "27": {
        "loss": 1.3669715335845947,
        "cen_accuracy": 0.4922,
        "heterogeneity": 0.001168133315282316,
        "num_clients": 4,
        "accumulated_clients": 181
    },
    "28": {
        "loss": 1.3285095869064332,
        "cen_accuracy": 0.5237,
        "heterogeneity": 0.0009170394300838103,
        "num_clients": 4,
        "accumulated_clients": 185
    },
    "29": {
        "loss": 1.3584109573364258,
        "cen_accuracy": 0.5023,
        "heterogeneity": 0.000904208904550674,
        "num_clients": 4,
        "accumulated_clients": 189
    },
    "30": {
        "loss": 1.413275061416626,
        "cen_accuracy": 0.4788,
        "heterogeneity": 0.001026718397604487,
        "num_clients": 3,
        "accumulated_clients": 192
    },
    "31": {
        "loss": 1.4094489768981933,
        "cen_accuracy": 0.4783,
        "heterogeneity": 0.0007121951821105199,
        "num_clients": 3,
        "accumulated_clients": 195
    },
    "32": {
        "loss": 1.4144921541213988,
        "cen_accuracy": 0.4783,
        "heterogeneity": 0.0011054236345776625,
        "num_clients": 3,
        "accumulated_clients": 198
    },
    "33": {
        "loss": 1.309174743270874,
        "cen_accuracy": 0.5213,
        "heterogeneity": 0.0008627296370438131,
        "num_clients": 3,
        "accumulated_clients": 201
    },
    "34": {
        "loss": 1.430571702194214,
        "cen_accuracy": 0.4851,
        "heterogeneity": 0.0009510485782365796,
        "num_clients": 3,
        "accumulated_clients": 204
    },
    "35": {
        "loss": 1.402330627632141,
        "cen_accuracy": 0.4922,
        "heterogeneity": 0.0009516189948898246,
        "num_clients": 2,
        "accumulated_clients": 206
    },
    "36": {
        "loss": 1.3879013996124268,
        "cen_accuracy": 0.4942,
        "heterogeneity": 0.0007456679758499618,
        "num_clients": 2,
        "accumulated_clients": 208
    },
    "37": {
        "loss": 1.4258199535369873,
        "cen_accuracy": 0.4799,
        "heterogeneity": 0.0010909394935683103,
        "num_clients": 2,
        "accumulated_clients": 210
    },
    "38": {
        "loss": 1.2844839967727661,
        "cen_accuracy": 0.5232,
        "heterogeneity": 0.0008655658535220434,
        "num_clients": 2,
        "accumulated_clients": 212
    },
    "39": {
        "loss": 1.3745822826385499,
        "cen_accuracy": 0.5037,
        "heterogeneity": 0.0012011510439592366,
        "num_clients": 2,
        "accumulated_clients": 214
    },
    "40": {
        "loss": 1.3520962549209594,
        "cen_accuracy": 0.5125,
        "heterogeneity": 0.0010434082848579385,
        "num_clients": 2,
        "accumulated_clients": 216
    },
    "41": {
        "loss": 1.27045140209198,
        "cen_accuracy": 0.5293,