{
    "0": {
        "loss": 2.3053406930198306,
        "cen_accuracy": 0.1131
    },
    "1": {
        "loss": 2.2725304742209826,
        "cen_accuracy": 0.1
    },
    "2": {
        "loss": 1.3983336970828975,
        "cen_accuracy": 0.4686
    },
    "3": {
        "loss": 1.2000282503926336,
        "cen_accuracy": 0.5479
    },
    "4": {
        "loss": 0.98812239981307,
        "cen_accuracy": 0.5995
    },
    "5": {
        "loss": 0.9724520930466941,
        "cen_accuracy": 0.6531
    },
    "6": {
        "loss": 0.8461217207078355,
        "cen_accuracy": 0.6593
    },
    "7": {
        "loss": 0.7378295879965773,
        "cen_accuracy": 0.7266
    },
    "8": {
        "loss": 0.8143797177857104,
        "cen_accuracy": 0.6551
    },
    "9": {
        "loss": 0.8179875574172876,
        "cen_accuracy": 0.669
    },
    "10": {
        "loss": 0.910418656592171,
        "cen_accuracy": 0.6268
    },
    "11": {
        "loss": 0.879683313849635,
        "cen_accuracy": 0.6833
    },
    "12": {
        "loss": 0.7601436918345503,
        "cen_accuracy": 0.7311
    },
    "13": {
        "loss": 0.9522214151038149,
        "cen_accuracy": 0.6857
    },
    "14": {
        "loss": 0.9296138118059871,
        "cen_accuracy": 0.6647
    },
    "15": {
        "loss": 0.7019892895754914,
        "cen_accuracy": 0.7227
    },
    "16": {
        "loss": 1.1020493955848316,
        "cen_accuracy": 0.6029
    },
    "17": {
        "loss": 0.8353086657607898,
        "cen_accuracy": 0.6687
    },
    "18": {
        "loss": 0.739855450944017,
        "cen_accuracy": 0.6972
    },
    "19": {
        "loss": 0.7228434106793267,
        "cen_accuracy": 0.717
    },
    "20": {
        "loss": 0.7729187089795122,
        "cen_accuracy": 0.71
    },
    "21": {
        "loss": 0.6617394007813816,
        "cen_accuracy": 0.7481
    },
    "22": {
        "loss": 0.7353836114223773,
        "cen_accuracy": 0.6764
    },
    "23": {
        "loss": 0.6494606182026786,
        "cen_accuracy": 0.7596
    },
    "24": {
        "loss": 0.6619948160153227,
        "cen_accuracy": 0.7517
    },
    "25": {
        "loss": 0.7112832133191082,
        "cen_accuracy": 0.7277
    },
    "26": {
        "loss": 0.6440655264420251,
        "cen_accuracy": 0.7682
    },
    "27": {
        "loss": 0.6742009139670351,
        "cen_accuracy": 0.7497
    },
    "28": {
        "loss": 0.6937666164038662,
        "cen_accuracy": 0.7488
    },
    "29": {
        "loss": 0.6722683650426591,
        "cen_accuracy": 0.739
    },
    "30": {
        "loss": 0.6257810604553253,
        "cen_accuracy": 0.7675
    },
    "31": {
        "loss": 0.7871049705880899,
        "cen_accuracy": 0.7221
    },
    "32": {
        "loss": 0.6911628857588235,
        "cen_accuracy": 0.7431
    },
    "33": {
        "loss": 0.6693419608445214,
        "cen_accuracy": 0.7621
    },
    "34": {
        "loss": 0.7647388946895782,
        "cen_accuracy": 0.7373
    },
    "35": {
        "loss": 0.6672330693886303,
        "cen_accuracy": 0.7783
    },
    "36": {
        "loss": 0.6741465738120551,
        "cen_accuracy": 0.7679
    },
    "37": {
        "loss": 0.8752875188573862,
        "cen_accuracy": 0.7502
    },
    "38": {
        "loss": 0.6638058493502985,
        "cen_accuracy": 0.7511
    },
    "39": {
        "loss": 0.6118749874277999,
        "cen_accuracy": 0.7778
    },
    "40": {
        "loss": 0.7294131884940516,
        "cen_accuracy": 0.7459
    },
    "41": {
        "loss": 0.7177993824687628,
        "cen_accuracy": 0.6991
    },
    "42": {
        "loss": 0.6841504418621429,
        "cen_accuracy": 0.778
    },
    "43": {
        "loss": 0.6483439594126357,
        "cen_accuracy": 0.7686
    },
    "44": {
        "loss": 0.6513187349699556,
        "cen_accuracy": 0.7812
    },
    "45": {
        "loss": 0.6480815361578244,
        "cen_accuracy": 0.762
    },
    "46": {
        "loss": 0.6336357767303912,
        "cen_accuracy": 0.7728
    },
    "47": {
        "loss": 0.6784020175758642,
        "cen_accuracy": 0.7567
    },
    "48": {
        "loss": 0.8273340134670178,
        "cen_accuracy": 0.7311
    },
    "49": {
        "loss": 0.6031277311114839,
        "cen_accuracy": 0.7779
    },
    "50": {
        "loss": 0.6705580782204771,
        "cen_accuracy": 0.7554
    }
}