{
    "0": {
        "loss": 2.30468611823865,
        "cen_accuracy": 0.0952
    },
    "1": {
        "loss": 2.229416448087357,
        "cen_accuracy": 0.1083
    },
    "2": {
        "loss": 1.2111220413122694,
        "cen_accuracy": 0.5438
    },
    "3": {
        "loss": 0.7479655906415215,
        "cen_accuracy": 0.7221
    }
}