{
    "0": {
        "loss": 2.303573555839709,
        "cen_accuracy": 0.1
    },
    "1": {
        "loss": 1.7688684577759082,
        "cen_accuracy": 0.5523,
        "num_clients": 6,
        "accumulated_clients": 6
    },
    "2": {
        "loss": 0.9878080319672727,
        "cen_accuracy": 0.6248,
        "num_clients": 6,
        "accumulated_clients": 12
    },
    "3": {
        "loss": 0.722813798882329,
        "cen_accuracy": 0.7372,
        "num_clients": 5,
        "accumulated_clients": 17
    },
    "4": {
        "loss": 0.6449958262161706,
        "cen_accuracy": 0.7553,
        "num_clients": 5,
        "accumulated_clients": 22
    },
    "5": {
        "loss": 0.6320232246249629,
        "cen_accuracy": 0.7611,
        "num_clients": 5,
        "accumulated_clients": 27
    },
    "6": {
        "loss": 0.5881026915182321,
        "cen_accuracy": 0.7715,
        "num_clients": 4,
        "accumulated_clients": 31
    },
    "7": {
        "loss": 0.5821884114045305,
        "cen_accuracy": 0.7765,
        "num_clients": 4,
        "accumulated_clients": 35
    },
    "8": {
        "loss": 0.5879658058809396,
        "cen_accuracy": 0.7741,
        "num_clients": 4,
        "accumulated_clients": 39
    },
    "9": {
        "loss": 0.5624748032313948,
        "cen_accuracy": 0.7865,
        "num_clients": 4,
        "accumulated_clients": 43
    },
    "10": {
        "loss": 0.5751927244110991,
        "cen_accuracy": 0.7785,
        "num_clients": 3,
        "accumulated_clients": 46
    },
    "11": {
        "loss": 0.5350802250849173,
        "cen_accuracy": 0.7982,
        "num_clients": 3,
        "accumulated_clients": 49
    },
    "12": {
        "loss": 0.5455065858535493,
        "cen_accuracy": 0.7981,
        "num_clients": 3,
        "accumulated_clients": 52
    },
    "13": {
        "loss": 0.5552116410134319,
        "cen_accuracy": 0.7941,
        "num_clients": 3,
        "accumulated_clients": 55
    },
    "14": {
        "loss": 0.5628123530945458,
        "cen_accuracy": 0.796,
        "num_clients": 2,
        "accumulated_clients": 57
    },
    "15": {
        "loss": 0.5659866780518724,
        "cen_accuracy": 0.7948,
        "num_clients": 2,
        "accumulated_clients": 59
    },
    "16": {
        "loss": 0.5657896776549732,
        "cen_accuracy": 0.7965,
        "num_clients": 2,
        "accumulated_clients": 61
    },
    "17": {
        "loss": 0.5631913375168943,
        "cen_accuracy": 0.7982,
        "num_clients": 2,
        "accumulated_clients": 63
    },
    "18": {
        "loss": 0.5387431736856985,
        "cen_accuracy": 0.804,
        "num_clients": 2,
        "accumulated_clients": 65
    },
    "19": {
        "loss": 0.527763584027656,
        "cen_accuracy": 0.8054,
        "num_clients": 2,
        "accumulated_clients": 67
    },
    "20": {
        "loss": 0.5255106263838637,
        "cen_accuracy": 0.8122,
        "num_clients": 2,
        "accumulated_clients": 69
    },
    "21": {
        "loss": 0.5320157979528743,
        "cen_accuracy": 0.8064,
        "num_clients": 2,
        "accumulated_clients": 71
    },
    "22": {
        "loss": 0.5170486741267835,
        "cen_accuracy": 0.8205,
        "num_clients": 2,
        "accumulated_clients": 73
    },
    "23": {
        "loss": 0.5043658392307476,
        "cen_accuracy": 0.8178,
        "num_clients": 2,
        "accumulated_clients": 75
    },
    "24": {
        "loss": 0.5152731402375447,
        "cen_accuracy": 0.8246,
        "num_clients": 2,
        "accumulated_clients": 77
    },
    "25": {
        "loss": 0.5384777160212636,
        "cen_accuracy": 0.8109,
        "num_clients": 2,
        "accumulated_clients": 79
    },
    "26": {
        "loss": 0.5213004205935299,
        "cen_accuracy": 0.8203,
        "num_clients": 3,
        "accumulated_clients": 82
    },
    "27": {
        "loss": 0.5401939252694956,
        "cen_accuracy": 0.8186,
        "num_clients": 3,
        "accumulated_clients": 85
    },
    "28": {
        "loss": 0.5026730136178172,
        "cen_accuracy": 0.8284,
        "num_clients": 3,
        "accumulated_clients": 88
    },
    "29": {
        "loss": 0.5043007009231244,
        "cen_accuracy": 0.8333,
        "num_clients": 3,
        "accumulated_clients": 91
    },
    "30": {
        "loss": 0.49947097050115324,
        "cen_accuracy": 0.8238,
        "num_clients": 2,
        "accumulated_clients": 93
    },
    "31": {
        "loss": 0.48946551121652315,
        "cen_accuracy": 0.829,
        "num_clients": 2,
        "accumulated_clients": 95
    },
    "32": {
        "loss": 0.5211034650191332,
        "cen_accuracy": 0.8189,
        "num_clients": 2,
        "accumulated_clients": 97
    },
    "33": {
        "loss": 0.4866843725831364,
        "cen_accuracy": 0.8364,
        "num_clients": 2,
        "accumulated_clients": 99
    },
    "34": {
        "loss": 0.5022497700330929,
        "cen_accuracy": 0.8295,
        "num_clients": 2,
        "accumulated_clients": 101
    },
    "35": {
        "loss": 0.47609289085712675,
        "cen_accuracy": 0.8377,
        "num_clients": 2,
        "accumulated_clients": 103
    },
    "36": {
        "loss": 0.483428325039891,
        "cen_accuracy": 0.8372,
        "num_clients": 2,
        "accumulated_clients": 105
    },
    "37": {
        "loss": 0.5079936332310351,
        "cen_accuracy": 0.8318,
        "num_clients": 2,
        "accumulated_clients": 107
    },
    "38": {
        "loss": 0.4874118300386892,
        "cen_accuracy": 0.8328,
        "num_clients": 2,
        "accumulated_clients": 109
    },
    "39": {
        "loss": 0.5218015026313048,
        "cen_accuracy": 0.8219,
        "num_clients": 2,
        "accumulated_clients": 111
    },
    "40": {
        "loss": 0.521945511118863,
        "cen_accuracy": 0.8234,
        "num_clients": 2,
        "accumulated_clients": 113
    },
    "41": {
        "loss": 0.5475595364460168,
        "cen_accuracy": 0.8208,
        "num_clients": 2,
        "accumulated_clients": 115
    },
    "42": {
        "loss": 0.5126325401444786,
        "cen_accuracy": 0.8237,
        "num_clients": 3,
        "accumulated_clients": 118
    },
    "43": {
        "loss": 0.4757504392022523,
        "cen_accuracy": 0.8396,
        "num_clients": 3,
        "accumulated_clients": 121
    },
    "44": {
        "loss": 0.48029175717324113,
        "cen_accuracy": 0.8375,
        "num_clients": 3,
        "accumulated_clients": 124
    },
    "45": {
        "loss": 0.4911609040186428,
        "cen_accuracy": 0.8337,
        "num_clients": 3,
        "accumulated_clients": 127
    },
    "46": {
        "loss": 0.46689697823966275,
        "cen_accuracy": 0.8406,
        "num_clients": 2,
        "accumulated_clients": 129
    },
    "47": {
        "loss": 0.49151333395284585,
        "cen_accuracy": 0.8362,
        "num_clients": 2,
        "accumulated_clients": 131
    },
    "48": {
        "loss": 0.480239986230771,
        "cen_accuracy": 0.8372,
        "num_clients": 2,
        "accumulated_clients": 133
    },
    "49": {
        "loss": 0.49998505515888475,
        "cen_accuracy": 0.8375,
        "num_clients": 2,
        "accumulated_clients": 135
    },
    "50": {
        "loss": 0.5189953006970616,
        "cen_accuracy": 0.8358,
        "num_clients": 3,
        "accumulated_clients": 138
    },
    "51": {
        "loss": 0.48339375377463073,
        "cen_accuracy": 0.8394,
        "num_clients": 3,
        "accumulated_clients": 141
    },
    "52": {
        "loss": 0.45914948817354423,
        "cen_accuracy": 0.8465,
        "num_clients": 3,
        "accumulated_clients": 144
    },
    "53": {
        "loss": 0.4677858400030639,
        "cen_accuracy": 0.8462,
        "num_clients": 3,
        "accumulated_clients": 147
    },
    "54": {
        "loss": 0.49257032750561214,
        "cen_accuracy": 0.8439,
        "num_clients": 2,