{
    "0": {
        "loss": 2.3059696838878594,
        "cen_accuracy": 0.0718
    },
    "1": {
        "loss": 1.8702578536999492,
        "cen_accuracy": 0.3707,
        "heterogeneity": 0.2996342627768638,
        "num_clients": 5,
        "accumulated_clients": 5
    },
    "2": {
        "loss": 1.7676007324895158,
        "cen_accuracy": 0.4977,
        "heterogeneity": 0.30156409496066794,
        "num_clients": 5,
        "accumulated_clients": 10
    },
    "3": {
        "loss": 1.410578655929992,
        "cen_accuracy": 0.5451,
        "heterogeneity": 0.22611887856946744,
        "num_clients": 4,
        "accumulated_clients": 14
    },
    "4": {
        "loss": 1.1511303144521987,
        "cen_accuracy": 0.6372,
        "heterogeneity": 0.12864465212953624,
        "num_clients": 4,
        "accumulated_clients": 18
    },
    "5": {
        "loss": 1.0189147665858649,
        "cen_accuracy": 0.6991,
        "heterogeneity": 0.18436470354089252,
        "num_clients": 4,
        "accumulated_clients": 22
    },
    "6": {
        "loss": 1.127580137488941,
        "cen_accuracy": 0.5925,
        "heterogeneity": 0.1669519941008808,
        "num_clients": 3,
        "accumulated_clients": 25
    },
    "7": {
        "loss": 1.1637039851075925,
        "cen_accuracy": 0.5508,
        "heterogeneity": 0.21659936526663548,
        "num_clients": 3,
        "accumulated_clients": 28
    },
    "8": {
        "loss": 1.4020717427753413,
        "cen_accuracy": 0.5659,
        "heterogeneity": 0.16613176654824235,
        "num_clients": 3,
        "accumulated_clients": 31
    },
    "9": {
        "loss": 1.2019278357585017,
        "cen_accuracy": 0.5086,
        "heterogeneity": 0.18749229544468538,
        "num_clients": 3,
        "accumulated_clients": 34
    },
    "10": {
        "loss": 1.1991254251224164,
        "cen_accuracy": 0.5515,
        "heterogeneity": 0.19748016673539937,
        "num_clients": 4,
        "accumulated_clients": 38
    },
    "11": {
        "loss": 1.0715250024399436,
        "cen_accuracy": 0.5626,
        "heterogeneity": 0.16907630069126345,
        "num_clients": 4,
        "accumulated_clients": 42
    },
    "12": {
        "loss": 0.6775177291597421,
        "cen_accuracy": 0.7556,
        "heterogeneity": 0.09726707308670812,
        "num_clients": 3,
        "accumulated_clients": 45
    },
    "13": {
        "loss": 0.7154972990290426,
        "cen_accuracy": 0.7319,
        "heterogeneity": 0.09720533918213003,
        "num_clients": 3,
        "accumulated_clients": 48
    },
    "14": {
        "loss": 0.9094917069608792,
        "cen_accuracy": 0.6632,
        "heterogeneity": 0.16392976884066546,
        "num_clients": 3,
        "accumulated_clients": 51
    },
    "15": {
        "loss": 0.8762191890146785,
        "cen_accuracy": 0.6406,
        "heterogeneity": 0.24854603804974784,
        "num_clients": 4,
        "accumulated_clients": 55
    },
    "16": {
        "loss": 0.6821520576080956,
        "cen_accuracy": 0.7621,
        "heterogeneity": 0.17581072937431275,
        "num_clients": 4,
        "accumulated_clients": 59
    },
    "17": {
        "loss": 1.7603141336014476,
        "cen_accuracy": 0.4497,
        "heterogeneity": 0.270165052287873,
        "num_clients": 3,
        "accumulated_clients": 62
    },
    "18": {
        "loss": 0.771716022453369,
        "cen_accuracy": 0.7215,
        "heterogeneity": 0.1760902312799555,
        "num_clients": 3,
        "accumulated_clients": 65
    },
    "19": {
        "loss": 0.739269573372393,
        "cen_accuracy": 0.7499,
        "heterogeneity": 0.1521215584479676,
        "num_clients": 3,
        "accumulated_clients": 68
    },
    "20": {
        "loss": 1.3898066661228388,
        "cen_accuracy": 0.5758,
        "heterogeneity": 0.32054429542165197,
        "num_clients": 2,
        "accumulated_clients": 70
    },
    "21": {
        "loss": 1.010891376973722,
        "cen_accuracy": 0.6559,
        "heterogeneity": 0.15135164667708856,
        "num_clients": 2,
        "accumulated_clients": 72
    },
    "22": {
        "loss": 2.1912368014216805,
        "cen_accuracy": 0.4568,
        "heterogeneity": 0.22943944065408595,
        "num_clients": 2,
        "accumulated_clients": 74
    },
    "23": {
        "loss": 1.8018960781371631,
        "cen_accuracy": 0.4387,
        "heterogeneity": 0.10543348864212754,
        "num_clients": 2,
        "accumulated_clients": 76
    },
    "24": {
        "loss": 0.9456879359464676,
        "cen_accuracy": 0.6143,
        "heterogeneity": 0.14956790897811878,
        "num_clients": 3,
        "accumulated_clients": 79
    },
    "25": {
        "loss": 0.8884373697609947,
        "cen_accuracy": 0.6302,
        "heterogeneity": 0.19093626367583616,
        "num_clients": 3,
        "accumulated_clients": 82
    },
    "26": {
        "loss": 0.6881933670264845,
        "cen_accuracy": 0.7247,
        "heterogeneity": 0.13535009380838148,
        "num_clients": 2,
        "accumulated_clients": 84
    },
    "27": {
        "loss": 0.7816502267179398,
        "cen_accuracy": 0.7099,
        "heterogeneity": 0.05041098796854393,
        "num_clients": 2,
        "accumulated_clients": 86
    },
    "28": {
        "loss": 1.1048219693354524,
        "cen_accuracy": 0.623,
        "heterogeneity": 0.15520209797014628,
        "num_clients": 2,
        "accumulated_clients": 88
    },
    "29": {
        "loss": 0.773927032661895,
        "cen_accuracy": 0.7288,
        "heterogeneity": 0.16796100671987535,
        "num_clients": 3,
        "accumulated_clients": 91
    },
    "30": {
        "loss": 0.7185571180841032,
        "cen_accuracy": 0.7691,
        "heterogeneity": 0.12704886568816132,
        "num_clients": 3,
        "accumulated_clients": 94
    },
    "31": {
        "loss": 0.8119913430069201,
        "cen_accuracy": 0.7195,
        "heterogeneity": 0.12696439854226216,
        "num_clients": 2,
        "accumulated_clients": 96
    },
    "32": {
        "loss": 1.229791459945825,
        "cen_accuracy": 0.6971,
        "heterogeneity": 0.10191789278364094,
        "num_clients": 2,
        "accumulated_clients": 98
    },
    "33": {
        "loss": 0.8491253125400969,
        "cen_accuracy": 0.7509,
        "heterogeneity": 0.11973925466990742,
        "num_clients": 2,
        "accumulated_clients": 100
    },
    "34": {
        "loss": 0.9489804028798217,
        "cen_accuracy": 0.7522,
        "heterogeneity": 0.16178905359305962,
        "num_clients": 2,
        "accumulated_clients": 102
    },
    "35": {
        "loss": 1.0755551317438912,
        "cen_accuracy": 0.6837,
        "heterogeneity": 0.11936658953809431,
        "num_clients": 2,
        "accumulated_clients": 104
    },
    "36": {
        "loss": 1.4671170954315806,
        "cen_accuracy": 0.6481,
        "heterogeneity": 0.13434696819425995,
        "num_clients": 2,
        "accumulated_clients": 106
    },
    "37": {
        "loss": 0.9197822319813811,
        "cen_accuracy": 0.6084,
        "heterogeneity": 0.2476474159674018,
        "num_clients": 2,
        "accumulated_clients": 108
    },
    "38": {
        "loss": 0.8540556929743709,
        "cen_accuracy": 0.7269,
        "heterogeneity": 0.0914026007717873,
        "num_clients": 3,
        "accumulated_clients": 111
    },
    "39": {
        "loss": 0.7473859540380228,
        "cen_accuracy": 0.7431,
        "heterogeneity": 0.08950703829600204,
        "num_clients": 3,
        "accumulated_clients": 114
    },
    "40": {
        "loss": 1.1216639193673483,
        "cen_accuracy": 0.6583,
        "heterogeneity": 0.28606733529922235,
        "num_clients": 2,
        "accumulated_clients": 116
    },
    "41": {
        "loss": 0.9834776339820399,
        "cen_accuracy": 0.6987,
        "heterogeneity": 0.19537928484309786,
        "num_clients": 2,
        "accumulated_clients": 118
    },