{
    "0": {
        "loss": 2.3025364327354554,
        "cen_accuracy": 0.1
    },
    "1": {
        "loss": 2.0082759781005666,
        "cen_accuracy": 0.3163
    },
    "2": {
        "loss": 0.7495371797404731,
        "cen_accuracy": 0.6917
    },
    "3": {
        "loss": 0.5711205217975397,
        "cen_accuracy": 0.7796
    },
    "4": {
        "loss": 0.4883420528314365,
        "cen_accuracy": 0.8112
    },
    "5": {
        "loss": 0.4665264190671543,
        "cen_accuracy": 0.8269
    },
    "6": {
        "loss": 0.45687996674650394,
        "cen_accuracy": 0.8331
    },
    "7": {
        "loss": 0.4697567002413372,
        "cen_accuracy": 0.8138
    },
    "8": {
        "loss": 0.46637265850751164,
        "cen_accuracy": 0.8281
    },
    "9": {
        "loss": 0.46148937940597534,
        "cen_accuracy": 0.8392
    },
    "10": {
        "loss": 0.5491100407827395,
        "cen_accuracy": 0.8113
    },
    "11": {
        "loss": 0.5029465809654885,
        "cen_accuracy": 0.8329
    },
    "12": {
        "loss": 0.4496505488269626,
        "cen_accuracy": 0.8344
    },
    "13": {
        "loss": 0.4559160500955277,
        "cen_accuracy": 0.8378
    },
    "14": {
        "loss": 0.44777342853264307,
        "cen_accuracy": 0.8394
    },
    "15": {
        "loss": 0.47838035361549724,
        "cen_accuracy": 0.8191
    },
    "16": {
        "loss": 0.514702527953413,
        "cen_accuracy": 0.8158
    },
    "17": {
        "loss": 0.42543515176199875,
        "cen_accuracy": 0.8396
    },
    "18": {
        "loss": 0.4478030567066357,
        "cen_accuracy": 0.8362
    },
    "19": {
        "loss": 0.43457729069474405,
        "cen_accuracy": 0.8426
    },
    "20": {
        "loss": 0.4455452691585111,
        "cen_accuracy": 0.8276
    },
    "21": {
        "loss": 0.44057124819808874,
        "cen_accuracy": 0.841
    },
    "22": {
        "loss": 0.4734123479872466,
        "cen_accuracy": 0.8301
    },
    "23": {
        "loss": 0.4478742078946421,
        "cen_accuracy": 0.8305
    },
    "24": {
        "loss": 0.4756102228935915,
        "cen_accuracy": 0.8272
    },
    "25": {
        "loss": 0.44367938814833524,
        "cen_accuracy": 0.8358
    },
    "26": {
        "loss": 0.47007212683129995,
        "cen_accuracy": 0.8299
    },
    "27": {
        "loss": 0.50139358254096,
        "cen_accuracy": 0.8162
    },
    "28": {
        "loss": 0.4548736387929216,
        "cen_accuracy": 0.8309
    },
    "29": {
        "loss": 0.4479916870308379,
        "cen_accuracy": 0.8426
    },
    "30": {
        "loss": 0.49984388881788466,
        "cen_accuracy": 0.8355
    },
    "31": {
        "loss": 0.5455041495851054,
        "cen_accuracy": 0.8224
    },
    "32": {
        "loss": 0.5573258035765669,
        "cen_accuracy": 0.775
    },
    "33": {
        "loss": 0.48060463083247407,
        "cen_accuracy": 0.8239
    },
    "34": {
        "loss": 0.486319592680794,
        "cen_accuracy": 0.8214
    },
    "35": {
        "loss": 0.5332363956747725,
        "cen_accuracy": 0.8022
    },
    "36": {
        "loss": 0.4761933867162028,
        "cen_accuracy": 0.8234
    },
    "37": {
        "loss": 0.5775702849935038,
        "cen_accuracy": 0.7875
    },
    "38": {
        "loss": 0.5057433828378257,
        "cen_accuracy": 0.8202
    },
    "39": {
        "loss": 0.47818005975252525,
        "cen_accuracy": 0.8217
    },
    "40": {
        "loss": 0.5087944459134397,
        "cen_accuracy": 0.8179
    },
    "41": {
        "loss": 0.49990421195571033,
        "cen_accuracy": 0.8249
    },
    "42": {
        "loss": 0.4925118545754649,
        "cen_accuracy": 0.8221
    },
    "43": {
        "loss": 0.526448818346182,
        "cen_accuracy": 0.8019
    },
    "44": {
        "loss": 0.5193362445020067,
        "cen_accuracy": 0.8106
    },
    "45": {
        "loss": 0.5777800972469318,
        "cen_accuracy": 0.7754
    },
    "46": {
        "loss": 0.5038400144337084,
        "cen_accuracy": 0.8181
    },
    "47": {
        "loss": 0.5117688796485955,
        "cen_accuracy": 0.8037
    },
    "48": {
        "loss": 0.47243658493692503,
        "cen_accuracy": 0.8273
    },
    "49": {
        "loss": 0.5149275809050368,
        "cen_accuracy": 0.8102
    },
    "50": {
        "loss": 0.5355613879597606,
        "cen_accuracy": 0.8047
    },
    "51": {
        "loss": 0.488298039800062,
        "cen_accuracy": 0.824
    },
    "52": {
        "loss": 0.5250215227135454,
        "cen_accuracy": 0.8077
    },
    "53": {
        "loss": 0.48480402456876187,
        "cen_accuracy": 0.8225
    },
    "54": {
        "loss": 0.7115846653811086,
        "cen_accuracy": 0.7772
    },
    "55": {
        "loss": 0.5261790784784018,
        "cen_accuracy": 0.8117
    },
    "56": {
        "loss": 0.5574789299085118,
        "cen_accuracy": 0.7966
    },
    "57": {
        "loss": 0.5042004058726679,
        "cen_accuracy": 0.8189
    },
    "58": {
        "loss": 0.5954462766837769,
        "cen_accuracy": 0.7708
    },
    "59": {
        "loss": 0.5618983209133148,
        "cen_accuracy": 0.7844
    },
    "60": {
        "loss": 0.5565221092571466,
        "cen_accuracy": 0.7937
    },
    "61": {
        "loss": 0.6349998670645034,
        "cen_accuracy": 0.7633
    },
    "62": {
        "loss": 0.49572660733526125,
        "cen_accuracy": 0.8192
    },
    "63": {
        "loss": 0.6360645050438829,
        "cen_accuracy": 0.7575
    },
    "64": {
        "loss": 0.5258835321322036,
        "cen_accuracy": 0.8144
    },
    "65": {
        "loss": 0.5317606330870058,
        "cen_accuracy": 0.8108
    },
    "66": {
        "loss": 0.6254476037935708,
        "cen_accuracy": 0.7805
    },
    "67": {
        "loss": 0.5973909534871007,
        "cen_accuracy": 0.7972
    },
    "68": {
        "loss": 0.5470793400043116,
        "cen_accuracy": 0.8048
    },
    "69": {
        "loss": 0.5950348106816935,
        "cen_accuracy": 0.7784
    },
    "70": {
        "loss": 0.5689360912615499,
        "cen_accuracy": 0.7968
    },
    "71": {
        "loss": 0.6151094689917641,
        "cen_accuracy": 0.787
    },
    "72": {
        "loss": 0.5862968996310005,
        "cen_accuracy": 0.7828
    },
    "73": {
        "loss": 0.5082878647044825,
        "cen_accuracy": 0.816
    },
    "74": {
        "loss": 0.5637629645796248,
        "cen_accuracy": 0.7925
    },
    "75": {
        "loss": 0.5769740744425466,
        "cen_accuracy": 0.7945
    },
    "76": {
        "loss": 0.5983884633063509,
        "cen_accuracy": 0.7787
    },
    "77": {
        "loss": 0.5451988676866404,
        "cen_accuracy": 0.8
    },
    "78": {
        "loss": 0.5095503978169383,
        "cen_accuracy": 0.8161
    },
    "79": {
        "loss": 0.5704517171691401,
        "cen_accuracy": 0.7841
    },
    "80": {
        "loss": 0.5652756076365614,
        "cen_accuracy": 0.8026
    },
    "81": {
        "loss": 0.6713360307125238,
        "cen_accuracy": 0.7438
    },
    "82": {
        "loss": 0.5513731008901382,
        "cen_accuracy": 0.7953
    },
    "83": {
        "loss": 0.5159445146021371,
        "cen_accuracy": 0.8148
    },
    "84": {
        "loss": 0.5427247396768472,
        "cen_accuracy": 0.8075
    },
    "85": {
        "loss": 0.5107281157098258,
        "cen_accuracy": 0.8204
    },
    "86": {
        "loss": 0.6044319333455053,
        "cen_accuracy": 0.7733
    },
    "87": {
        "loss": 0.5377840420689446,
        "cen_accuracy": 0.809
    },
    "88": {
        "loss": 0.6096358275451599,
        "cen_accuracy": 0.7994
    },
    "89": {
        "loss": 0.5487940212408193,
        "cen_accuracy": 0.8108
    },
    "90": {
        "loss": 0.6062087176706844,
        "cen_accuracy": 0.783
    },
    "91": {
        "loss": 0.6990256228576452,
        "cen_accuracy": 0.7737
    },
    "92": {
        "loss": 0.5023169092381724,
        "cen_accuracy": 0.8169
    },