{
    "0": {
        "loss": 2.3030548941213103,
        "cen_accuracy": 0.1
    },
    "1": {
        "loss": 2.328247793185444,
        "cen_accuracy": 0.1005
    },
    "2": {
        "loss": 2.224110155821608,
        "cen_accuracy": 0.1563
    },
    "3": {
        "loss": 2.0026792135482396,
        "cen_accuracy": 0.2136
    },
    "4": {
        "loss": 1.8680830264624697,
        "cen_accuracy": 0.3187
    },
    "5": {
        "loss": 2.0540940502581124,
        "cen_accuracy": 0.3379
    },
    "6": {
        "loss": 1.8673435891398227,
        "cen_accuracy": 0.3177
    },
    "7": {
        "loss": 2.0948613268879654,
        "cen_accuracy": 0.3158
    },
    "8": {
        "loss": 2.357787300603458,
        "cen_accuracy": 0.3178
    },
    "9": {
        "loss": 2.4019366879813586,
        "cen_accuracy": 0.2864
    },
    "10": {
        "loss": 2.1963898975628253,
        "cen_accuracy": 0.3239
    },
    "11": {
        "loss": 2.672926090015009,
        "cen_accuracy": 0.3162
    },
    "12": {
        "loss": 2.2748059022921723,
        "cen_accuracy": 0.2693
    },
    "13": {
        "loss": 2.446887434861911,
        "cen_accuracy": 0.2158
    },
    "14": {
        "loss": 2.2651042408836535,
        "cen_accuracy": 0.3242
    },
    "15": {
        "loss": 1.8838849844643102,
        "cen_accuracy": 0.3146
    },
    "16": {
        "loss": 1.686423030524208,
        "cen_accuracy": 0.3888
    },
    "17": {
        "loss": 1.7084782203546347,
        "cen_accuracy": 0.3422
    },
    "18": {
        "loss": 1.961505242429983,
        "cen_accuracy": 0.3112
    },
    "19": {
        "loss": 1.7905656685844398,
        "cen_accuracy": 0.3637
    },
    "20": {
        "loss": 2.0725558009772254,
        "cen_accuracy": 0.3009
    },
    "21": {
        "loss": 1.7998672746621762,
        "cen_accuracy": 0.3758
    },
    "22": {
        "loss": 1.6681254161432528,
        "cen_accuracy": 0.4065
    },
    "23": {
        "loss": 2.210838875069786,
        "cen_accuracy": 0.3396
    },
    "24": {
        "loss": 2.88071433385721,
        "cen_accuracy": 0.2231
    },
    "25": {
        "loss": 1.9176724794954538,
        "cen_accuracy": 0.3301
    },
    "26": {
        "loss": 3.05905986517763,
        "cen_accuracy": 0.3192
    },
    "27": {
        "loss": 2.3860155865788077,
        "cen_accuracy": 0.3025
    },
    "28": {
        "loss": 1.9343657025133079,
        "cen_accuracy": 0.3132
    },
    "29": {
        "loss": 3.768365983384105,
        "cen_accuracy": 0.2007
    },
    "30": {
        "loss": 2.3389426873514827,
        "cen_accuracy": 0.34
    },
    "31": {
        "loss": 2.024469660874754,
        "cen_accuracy": 0.32
    },
    "32": {
        "loss": 3.738317315951704,
        "cen_accuracy": 0.2328
    },
    "33": {
        "loss": 1.9981586285673392,
        "cen_accuracy": 0.3375
    },
    "34": {
        "loss": 2.2435763362116705,
        "cen_accuracy": 0.3131
    },
    "35": {
        "loss": 2.396011934493677,
        "cen_accuracy": 0.3434
    },
    "36": {
        "loss": 3.5967988038596252,
        "cen_accuracy": 0.2418
    },
    "37": {
        "loss": 4.462016881083528,
        "cen_accuracy": 0.2429
    },
    "38": {
        "loss": 3.142413383474746,
        "cen_accuracy": 0.2372
    },
    "39": {
        "loss": 1.6927943599109831,
        "cen_accuracy": 0.3918
    },
    "40": {
        "loss": 2.342604955164388,
        "cen_accuracy": 0.3371
    },
    "41": {
        "loss": 1.9876081817828046,
        "cen_accuracy": 0.3338
    },
    "42": {
        "loss": 3.6680531440832365,
        "cen_accuracy": 0.2438
    },
    "43": {
        "loss": 1.7847222676292396,
        "cen_accuracy": 0.3565
    },
    "44": {
        "loss": 3.999086793619223,
        "cen_accuracy": 0.226
    },
    "45": {
        "loss": 1.9771945838349314,
        "cen_accuracy": 0.3477
    },
    "46": {
        "loss": 2.1936774032946214,
        "cen_accuracy": 0.2403
    },
    "47": {
        "loss": 2.0358999487691034,
        "cen_accuracy": 0.346
    },
    "48": {
        "loss": 2.2546752295174155,
        "cen_accuracy": 0.3401
    },
    "49": {
        "loss": 2.3283813110174845,
        "cen_accuracy": 0.33
    },
    "50": {
        "loss": 1.9043529224091065,
        "cen_accuracy": 0.3271
    },
    "51": {
        "loss": 4.52212145153326,
        "cen_accuracy": 0.2366
    },
    "52": {
        "loss": 2.2720330336604255,
        "cen_accuracy": 0.3114
    },
    "53": {
        "loss": 2.3618718431399652,
        "cen_accuracy": 0.2353
    },
    "54": {
        "loss": 2.181562090072388,
        "cen_accuracy": 0.3208
    },
    "55": {
        "loss": 2.484935805439568,
        "cen_accuracy": 0.2986
    },
    "56": {
        "loss": 2.5612032508697755,
        "cen_accuracy": 0.2461
    },
    "57": {
        "loss": 1.8456184677422618,
        "cen_accuracy": 0.3611
    },
    "58": {
        "loss": 1.6789689311585105,
        "cen_accuracy": 0.3836
    },
    "59": {
        "loss": 1.8508903683184055,
        "cen_accuracy": 0.3556
    },
    "60": {
        "loss": 1.964862813583959,
        "cen_accuracy": 0.3627
    },
    "61": {
        "loss": 2.362307395797949,
        "cen_accuracy": 0.3123
    },
    "62": {
        "loss": 3.679839109841246,
        "cen_accuracy": 0.2303
    },
    "63": {
        "loss": 2.197239009336161,
        "cen_accuracy": 0.2857
    },
    "64": {
        "loss": 1.6991219410119347,
        "cen_accuracy": 0.3869
    },
    "65": {
        "loss": 2.023987845871776,
        "cen_accuracy": 0.3631
    },
    "66": {
        "loss": 2.2106270679650595,
        "cen_accuracy": 0.3188
    },
    "67": {
        "loss": 1.9062056636657958,
        "cen_accuracy": 0.3833
    },
    "68": {
        "loss": 2.0700912327050403,
        "cen_accuracy": 0.3742
    },
    "69": {
        "loss": 2.136292549367911,
        "cen_accuracy": 0.2456
    },
    "70": {
        "loss": 2.2473717390919647,
        "cen_accuracy": 0.2695
    },
    "71": {
        "loss": 1.9722108898071435,
        "cen_accuracy": 0.329
    },
    "72": {
        "loss": 1.7352776180821867,
        "cen_accuracy": 0.3394
    },
    "73": {
        "loss": 2.42106893077826,
        "cen_accuracy": 0.2877
    },
    "74": {
        "loss": 2.4433879246726966,
        "cen_accuracy": 0.3038
    },
    "75": {
        "loss": 2.141013838231754,
        "cen_accuracy": 0.3464
    },
    "76": {
        "loss": 2.536690974387879,
        "cen_accuracy": 0.2944
    },
    "77": {
        "loss": 2.0572450336175985,
        "cen_accuracy": 0.3551
    },
    "78": {
        "loss": 2.4083507670381197,
        "cen_accuracy": 0.2745
    },
    "79": {
        "loss": 3.720052117356858,
        "cen_accuracy": 0.2454
    },
    "80": {
        "loss": 1.8718483798420087,
        "cen_accuracy": 0.3386
    },
    "81": {
        "loss": 1.9109473868299978,
        "cen_accuracy": 0.274
    },
    "82": {
        "loss": 2.0069091377166894,
        "cen_accuracy": 0.3239
    },
    "83": {
        "loss": 2.038239450119555,
        "cen_accuracy": 0.3135
    },
    "84": {
        "loss": 2.008188049252422,
        "cen_accuracy": 0.3437
    },
    "85": {
        "loss": 2.448114936344159,
        "cen_accuracy": 0.2839
    },
    "86": {
        "loss": 2.54047191257294,
        "cen_accuracy": 0.335
    },
    "87": {
        "loss": 2.7827975601433947,
        "cen_accuracy": 0.2567
    },
    "88": {
        "loss": 2.3653174539724477,
        "cen_accuracy": 0.3141
    },
    "89": {
        "loss": 1.8497615370887537,
        "cen_accuracy": 0.3225
    },
    "90": {
        "loss": 2.068696147717607,
        "cen_accuracy": 0.3034
    },
    "91": {
        "loss": 1.923039950882665,
        "cen_accuracy": 0.3272
    },
    "92": {
        "loss": 2.408499975173999,
        "cen_accuracy": 0.3013
    },
    "93": {
        "loss": 1.865818737033076,