{
    "0": {
        "loss": 2.303573546699061,
        "cen_accuracy": 0.1
    },
    "1": {
        "loss": 2.2445888069871898,
        "cen_accuracy": 0.1,
        "num_clients": 11,
        "accumulated_clients": 11
    },
    "2": {
        "loss": 1.5040467345295623,
        "cen_accuracy": 0.5041,
        "num_clients": 11,
        "accumulated_clients": 22
    },
    "3": {
        "loss": 1.278758484715471,
        "cen_accuracy": 0.5586,
        "num_clients": 10,
        "accumulated_clients": 32
    },
    "4": {
        "loss": 1.1467817661861262,
        "cen_accuracy": 0.5535,
        "num_clients": 10,
        "accumulated_clients": 42
    },
    "5": {
        "loss": 0.9678376128498357,
        "cen_accuracy": 0.6688,
        "num_clients": 10,
        "accumulated_clients": 52
    },
    "6": {
        "loss": 0.7906485921658647,
        "cen_accuracy": 0.7284,
        "num_clients": 9,
        "accumulated_clients": 61
    },
    "7": {
        "loss": 0.7564737932941022,
        "cen_accuracy": 0.741,
        "num_clients": 9,
        "accumulated_clients": 70
    },
    "8": {
        "loss": 0.7213530968934202,
        "cen_accuracy": 0.7282,
        "num_clients": 9,
        "accumulated_clients": 79
    },
    "9": {
        "loss": 0.764962053146606,
        "cen_accuracy": 0.7054,
        "num_clients": 9,
        "accumulated_clients": 88
    },
    "10": {
        "loss": 0.724394503873758,
        "cen_accuracy": 0.7143,
        "num_clients": 10,
        "accumulated_clients": 98
    },
    "11": {
        "loss": 0.7670897693870167,
        "cen_accuracy": 0.6643,
        "num_clients": 10,
        "accumulated_clients": 108
    },
    "12": {
        "loss": 0.7119962051272773,
        "cen_accuracy": 0.7071,
        "num_clients": 10,
        "accumulated_clients": 118
    },
    "13": {
        "loss": 0.6627478923279637,
        "cen_accuracy": 0.719,
        "num_clients": 10,
        "accumulated_clients": 128
    },
    "14": {
        "loss": 0.598234004486864,
        "cen_accuracy": 0.7754,
        "num_clients": 9,
        "accumulated_clients": 137
    },
    "15": {
        "loss": 0.6200237610279181,
        "cen_accuracy": 0.7646,
        "num_clients": 9,
        "accumulated_clients": 146
    },
    "16": {
        "loss": 0.614892683661403,
        "cen_accuracy": 0.7555,
        "num_clients": 9,
        "accumulated_clients": 155
    },
    "17": {
        "loss": 0.5469056569254056,
        "cen_accuracy": 0.7869,
        "num_clients": 9,
        "accumulated_clients": 164
    },
    "18": {
        "loss": 0.6045957240052878,
        "cen_accuracy": 0.7585,
        "num_clients": 8,
        "accumulated_clients": 172
    },
    "19": {
        "loss": 0.9279160591931389,
        "cen_accuracy": 0.658,
        "num_clients": 8,
        "accumulated_clients": 180
    },
    "20": {
        "loss": 0.7242646265905887,
        "cen_accuracy": 0.7193,
        "num_clients": 8,
        "accumulated_clients": 188
    },
    "21": {
        "loss": 0.6125569520666957,
        "cen_accuracy": 0.7643,
        "num_clients": 8,
        "accumulated_clients": 196
    },
    "22": {
        "loss": 0.6764655650233309,
        "cen_accuracy": 0.7605,
        "num_clients": 7,
        "accumulated_clients": 203
    },
    "23": {
        "loss": 0.642346306302296,
        "cen_accuracy": 0.7386,
        "num_clients": 7,
        "accumulated_clients": 210
    },
    "24": {
        "loss": 0.696346360940141,
        "cen_accuracy": 0.7276,
        "num_clients": 7,
        "accumulated_clients": 217
    },
    "25": {
        "loss": 0.5747911618254817,
        "cen_accuracy": 0.7658,
        "num_clients": 7,
        "accumulated_clients": 224
    },
    "26": {
        "loss": 0.5880266710782585,
        "cen_accuracy": 0.7759,
        "num_clients": 6,
        "accumulated_clients": 230
    },
    "27": {
        "loss": 0.8714027949891532,
        "cen_accuracy": 0.707,
        "num_clients": 6,
        "accumulated_clients": 236
    },
    "28": {
        "loss": 0.6605839963538197,
        "cen_accuracy": 0.7178,
        "num_clients": 6,
        "accumulated_clients": 242
    },
    "29": {
        "loss": 0.7372812458787101,
        "cen_accuracy": 0.6942,
        "num_clients": 6,
        "accumulated_clients": 248
    },
    "30": {
        "loss": 0.6586111755416797,
        "cen_accuracy": 0.6918,
        "num_clients": 8,
        "accumulated_clients": 256
    },
    "31": {
        "loss": 0.658070109379939,
        "cen_accuracy": 0.7301,
        "num_clients": 8,
        "accumulated_clients": 264
    },
    "32": {
        "loss": 0.6116849049782982,
        "cen_accuracy": 0.777,
        "num_clients": 7,
        "accumulated_clients": 271
    },
    "33": {
        "loss": 0.6027383436791052,
        "cen_accuracy": 0.7667,
        "num_clients": 7,
        "accumulated_clients": 278
    },
    "34": {
        "loss": 0.6444494144413799,
        "cen_accuracy": 0.7405,
        "num_clients": 7,
        "accumulated_clients": 285
    },
    "35": {
        "loss": 0.6363836136488868,
        "cen_accuracy": 0.7875,
        "num_clients": 9,
        "accumulated_clients": 294
    },
    "36": {
        "loss": 0.5261084429753093,
        "cen_accuracy": 0.7955,
        "num_clients": 9,
        "accumulated_clients": 303
    },
    "37": {
        "loss": 0.5243531406497042,
        "cen_accuracy": 0.8003,
        "num_clients": 8,
        "accumulated_clients": 311
    },
    "38": {
        "loss": 0.5106165250078939,
        "cen_accuracy": 0.8097,
        "num_clients": 8,
        "accumulated_clients": 319
    },
    "39": {
        "loss": 0.6169389874790423,
        "cen_accuracy": 0.7466,
        "num_clients": 7,
        "accumulated_clients": 326
    },
    "40": {
        "loss": 0.5548703805231058,
        "cen_accuracy": 0.7515,
        "num_clients": 7,
        "accumulated_clients": 333
    },
    "41": {
        "loss": 0.5861867105427642,
        "cen_accuracy": 0.7825,
        "num_clients": 6,
        "accumulated_clients": 339
    },
    "42": {
        "loss": 0.5296760965079165,
        "cen_accuracy": 0.7987,
        "num_clients": 6,
        "accumulated_clients": 345
    },
    "43": {
        "loss": 0.6171950339414061,
        "cen_accuracy": 0.7736,
        "num_clients": 5,
        "accumulated_clients": 350
    },
    "44": {
        "loss": 0.47817413242289813,
        "cen_accuracy": 0.8249,
        "num_clients": 5,
        "accumulated_clients": 355
    },
    "45": {
        "loss": 0.7067309070509463,
        "cen_accuracy": 0.7323,
        "num_clients": 5,
        "accumulated_clients": 360
    },
    "46": {
        "loss": 0.5402661175868763,
        "cen_accuracy": 0.7746,
        "num_clients": 7,
        "accumulated_clients": 367
    },
    "47": {
        "loss": 0.7509175962723863,
        "cen_accuracy": 0.7213,
        "num_clients": 7,
        "accumulated_clients": 374
    },
    "48": {
        "loss": 0.5398461451640906,
        "cen_accuracy": 0.7962,
        "num_clients": 11,
        "accumulated_clients": 385
    },
    "49": {
        "loss": 0.5520923466632922,
        "cen_accuracy": 0.7848,
        "num_clients": 11,
        "accumulated_clients": 396
    },
    "50": {
        "loss": 0.4985822678183595,
        "cen_accuracy": 0.8014,
        "num_clients": 12,
        "accumulated_clients": 408
    },
    "51": {
        "loss": 0.5156736536719166,
        "cen_accuracy": 0.8024,
        "num_clients": 12,
        "accumulated_clients": 420
    },
    "52": {
        "loss": 0.4975084186838077,
        "cen_accuracy": 0.824,
        "num_clients": 11,
        "accumulated_clients": 431
    },
    "53": {
        "loss": 0.5495301557901188,
        "cen_accuracy": 0.8071,
        "num_clients": 11,
        "accumulated_clients": 442
    },
    "54": {
        "loss": 0.5132078451041977,
        "cen_accuracy": 0.7952,