{
    "0": {
        "loss": 2.304542729648919,
        "cen_accuracy": 0.1056
    },
    "1": {
        "loss": 2.3063373679931933,
        "cen_accuracy": 0.1
    },
    "2": {
        "loss": 2.3076937419537917,
        "cen_accuracy": 0.1
    },
    "3": {
        "loss": 2.3016981629137034,
        "cen_accuracy": 0.108
    },
    "4": {
        "loss": 2.2270386554181765,
        "cen_accuracy": 0.1681
    },
    "5": {
        "loss": 2.1256723761939393,
        "cen_accuracy": 0.1952
    },
    "6": {
        "loss": 2.0941394784580023,
        "cen_accuracy": 0.188
    },
    "7": {
        "loss": 2.067185989584024,
        "cen_accuracy": 0.1869
    },
    "8": {
        "loss": 2.031725023120356,
        "cen_accuracy": 0.2008
    },
    "9": {
        "loss": 2.0222151686970036,
        "cen_accuracy": 0.2038
    },
    "10": {
        "loss": 1.9830324630767773,
        "cen_accuracy": 0.2204
    },
    "11": {
        "loss": 1.9759591913070922,
        "cen_accuracy": 0.22
    },
    "12": {
        "loss": 1.9545150534413493,
        "cen_accuracy": 0.249
    },
    "13": {
        "loss": 1.9355786814095495,
        "cen_accuracy": 0.2512
    },
    "14": {
        "loss": 1.9033734124308577,
        "cen_accuracy": 0.2624
    },
    "15": {
        "loss": 1.8441326503936475,
        "cen_accuracy": 0.2716
    },
    "16": {
        "loss": 1.8347104269856462,
        "cen_accuracy": 0.3032
    },
    "17": {
        "loss": 1.81863563814864,
        "cen_accuracy": 0.312
    },
    "18": {
        "loss": 1.856478651872458,
        "cen_accuracy": 0.2967
    },
    "19": {
        "loss": 1.7895656991690492,
        "cen_accuracy": 0.3153
    },
    "20": {
        "loss": 1.777230059757781,
        "cen_accuracy": 0.3266
    },
    "21": {
        "loss": 1.7766555524862613,
        "cen_accuracy": 0.2983
    },
    "22": {
        "loss": 1.8166195874016124,
        "cen_accuracy": 0.3008
    },
    "23": {
        "loss": 1.827006683562891,
        "cen_accuracy": 0.2893
    },
    "24": {
        "loss": 1.8151952138724037,
        "cen_accuracy": 0.2852
    },
    "25": {
        "loss": 1.8221905696125458,
        "cen_accuracy": 0.3279
    },
    "26": {
        "loss": 1.7538830952141613,
        "cen_accuracy": 0.3313
    },
    "27": {
        "loss": 1.7593495548723606,
        "cen_accuracy": 0.3223
    },
    "28": {
        "loss": 1.8054573863459091,
        "cen_accuracy": 0.3023
    },
    "29": {
        "loss": 1.7469412644450275,
        "cen_accuracy": 0.3548
    },
    "30": {
        "loss": 1.7527240861338167,
        "cen_accuracy": 0.3403
    },
    "31": {
        "loss": 1.6953496833959707,
        "cen_accuracy": 0.3487
    },
    "32": {
        "loss": 1.780046526997234,
        "cen_accuracy": 0.3326
    },
    "33": {
        "loss": 1.7370844294849677,
        "cen_accuracy": 0.3271
    },
    "34": {
        "loss": 1.734316243531224,
        "cen_accuracy": 0.3422
    },
    "35": {
        "loss": 1.793345836023934,
        "cen_accuracy": 0.3001
    },
    "36": {
        "loss": 1.7371141468754971,
        "cen_accuracy": 0.3384
    },
    "37": {
        "loss": 1.6942944221984084,
        "cen_accuracy": 0.3553
    },
    "38": {
        "loss": 1.7009603657280674,
        "cen_accuracy": 0.3455
    },
    "39": {
        "loss": 1.9479795804800697,
        "cen_accuracy": 0.2363
    },
    "40": {
        "loss": 1.8509959210983862,
        "cen_accuracy": 0.3127
    },
    "41": {
        "loss": 1.7137359365487632,
        "cen_accuracy": 0.3334
    },
    "42": {
        "loss": 1.7505284654446684,
        "cen_accuracy": 0.3342
    },
    "43": {
        "loss": 1.8346563600503598,
        "cen_accuracy": 0.2734
    },
    "44": {
        "loss": 1.7121313204780555,
        "cen_accuracy": 0.3296
    },
    "45": {
        "loss": 1.947566588465779,
        "cen_accuracy": 0.2421
    },
    "46": {
        "loss": 1.786115423559,
        "cen_accuracy": 0.3056
    },
    "47": {
        "loss": 1.7260288232431624,
        "cen_accuracy": 0.3376
    },
    "48": {
        "loss": 1.8180717858262718,
        "cen_accuracy": 0.3446
    },
    "49": {
        "loss": 2.052208974338568,
        "cen_accuracy": 0.3099
    },
    "50": {
        "loss": 1.897344302445555,
        "cen_accuracy": 0.3277
    },
    "51": {
        "loss": 1.6751816108965645,
        "cen_accuracy": 0.3537
    },
    "52": {
        "loss": 2.1625842834813906,
        "cen_accuracy": 0.2558
    },
    "53": {
        "loss": 2.1837469164174967,
        "cen_accuracy": 0.2305
    },
    "54": {
        "loss": 2.402590318609731,
        "cen_accuracy": 0.1912
    },
    "55": {
        "loss": 2.4917043264681538,
        "cen_accuracy": 0.1807
    },
    "56": {
        "loss": 2.258691394671845,
        "cen_accuracy": 0.2353
    },
    "57": {
        "loss": 2.28035206840442,
        "cen_accuracy": 0.2418
    },
    "58": {
        "loss": 2.332032304221449,
        "cen_accuracy": 0.212
    },
    "59": {
        "loss": 1.9694071124536923,
        "cen_accuracy": 0.2837
    },
    "60": {
        "loss": 1.920205544359006,
        "cen_accuracy": 0.2692
    },
    "61": {
        "loss": 1.9987220505175118,
        "cen_accuracy": 0.2301
    },
    "62": {
        "loss": 2.026689134085902,
        "cen_accuracy": 0.3187
    },
    "63": {
        "loss": 2.1088229200710504,
        "cen_accuracy": 0.2646
    },
    "64": {
        "loss": 2.355085757212898,
        "cen_accuracy": 0.2235
    },
    "65": {
        "loss": 1.9898652481956605,
        "cen_accuracy": 0.2556
    },
    "66": {
        "loss": 2.2700882342676767,
        "cen_accuracy": 0.2154
    },
    "67": {
        "loss": 1.8760948615333142,
        "cen_accuracy": 0.2509
    },
    "68": {
        "loss": 2.1630910916831168,
        "cen_accuracy": 0.2278
    },
    "69": {
        "loss": 2.8725959664335647,
        "cen_accuracy": 0.2057
    },
    "70": {
        "loss": 2.038448781251146,
        "cen_accuracy": 0.2288
    },
    "71": {
        "loss": 2.190367099195243,
        "cen_accuracy": 0.2135
    },
    "72": {
        "loss": 2.981896145656086,
        "cen_accuracy": 0.2544
    },
    "73": {
        "loss": 1.9657009851437408,
        "cen_accuracy": 0.257
    },
    "74": {
        "loss": 2.115611194421689,
        "cen_accuracy": 0.2577
    },
    "75": {
        "loss": 2.113677005798291,
        "cen_accuracy": 0.2775
    },
    "76": {
        "loss": 1.930405502502149,
        "cen_accuracy": 0.3102
    },
    "77": {
        "loss": 1.9648053592767198,
        "cen_accuracy": 0.2936
    },
    "78": {
        "loss": 1.8953424596938844,
        "cen_accuracy": 0.312
    },
    "79": {
        "loss": 1.7022975523250934,
        "cen_accuracy": 0.3259
    },
    "80": {
        "loss": 1.8989656740865006,
        "cen_accuracy": 0.3248
    },
    "81": {
        "loss": 1.700807329945671,
        "cen_accuracy": 0.3586
    },
    "82": {
        "loss": 1.6899007185579489,
        "cen_accuracy": 0.3851
    },
    "83": {
        "loss": 1.7001380992773623,
        "cen_accuracy": 0.357
    },
    "84": {
        "loss": 1.6153811136373697,
        "cen_accuracy": 0.4
    },
    "85": {
        "loss": 1.6516980031808726,
        "cen_accuracy": 0.3768
    },
    "86": {
        "loss": 1.6788714522370896,
        "cen_accuracy": 0.3644
    },
    "87": {
        "loss": 1.6780349926445812,
        "cen_accuracy": 0.356
    },
    "88": {
        "loss": 1.6980041414023208,
        "cen_accuracy": 0.3551
    },
    "89": {
        "loss": 1.6566152443139317,
        "cen_accuracy": 0.3645
    },
    "90": {
        "loss": 1.5965476260779383,
        "cen_accuracy": 0.4053
    },
    "91": {
        "loss": 1.6286089801178953,
        "cen_accuracy": 0.3899
    },
    "92": {
        "loss": 1.5703470135649171,
        "cen_accuracy": 0.3981
    },
    "93": {
        "loss": 1.5866823504908016,